match_id,set_number,rally_number,serving_team,receiving_team,rotation_number,serve_type,serve_result,serve_zone,pass_quality,rally_winner
1.0,1,1,POL,ITA,R5,JUMP,IN,1.0,2.0,POL
1.0,1,2,POL,ITA,R5,JUMP,ERROR,,,ITA
1.0,1,3,ITA,POL,R2,JUMP,ERROR,,,POL
1.0,1,4,POL,ITA,R6,HYBRID,IN,5.0,1.0,ITA
1.0,1,5,ITA,POL,R3,FLOAT,IN,4.0,3.0,ITA
1.0,1,6,ITA,POL,R3,FLOAT,IN,4.0,3.0,ITA
1.0,1,7,ITA,POL,R3,FLOAT,IN,6.0,3.0,POL
1.0,1,8,POL,ITA,R1,FLOAT,IN,6.0,3.0,ITA
1.0,1,9,ITA,POL,R4,JUMP,IN,6.0,1.0,POL
1.0,1,10,POL,ITA,R2,FLOAT,IN,6.0,3.0,ITA
1.0,1,11,ITA,POL,R5,JUMP,IN,1.0,2.0,POL
1.0,1,12,POL,ITA,R3,JUMP,ERROR,,,ITA
1.0,1,13,ITA,POL,R6,JUMP,IN,1.0,1.0,POL
1.0,1,14,POL,ITA,R4,JUMP,IN,6.0,3.0,POL
1.0,1,15,POL,ITA,R4,JUMP,ERROR,,,ITA
1.0,1,16,ITA,POL,R1,JUMP,IN,6.0,3.0,POL
1.0,1,17,POL,ITA,R5,JUMP,IN,5.0,1.0,POL
1.0,1,18,POL,ITA,R5,JUMP,ERROR,,,ITA
1.0,1,19,ITA,POL,R2,JUMP,IN,6.0,1.0,ITA
1.0,1,20,ITA,POL,R2,JUMP,IN,6.0,2.0,POL
1.0,1,21,POL,ITA,R6,JUMP,IN,6.0,3.0,POL
1.0,1,22,POL,ITA,R6,JUMP,IN,1.0,1.0,ITA
1.0,1,23,ITA,POL,R3,FLOAT,IN,6.0,2.0,POL
1.0,1,24,POL,ITA,R1,FLOAT,IN,5.0,2.0,POL
1.0,1,25,POL,ITA,R1,FLOAT,IN,4.0,2.0,ITA
1.0,1,26,ITA,POL,R4,JUMP,IN,1.0,1.0,ITA
1.0,1,27,ITA,POL,R4,JUMP,IN,1.0,0.0,ITA
1.0,1,28,ITA,POL,R4,JUMP,IN,1.0,3.0,POL
1.0,1,29,POL,ITA,R2,JUMP,IN,5.0,2.0,ITA
1.0,1,30,ITA,POL,R5,JUMP,IN,6.0,1.0,ITA
1.0,1,31,ITA,POL,R5,JUMP,IN,1.0,1.0,POL
1.0,1,32,POL,ITA,R3,JUMP,IN,6.0,3.0,ITA
1.0,1,33,ITA,POL,R6,JUMP,IN,1.0,2.0,ITA
1.0,1,34,ITA,POL,R6,JUMP,ERROR,,,POL
1.0,1,35,POL,ITA,R4,JUMP,ERROR,,,ITA
1.0,1,36,ITA,POL,R1,JUMP,IN,5.0,2.0,POL
1.0,1,37,POL,ITA,R5,JUMP,ERROR,,,ITA
1.0,1,38,ITA,POL,R2,JUMP,ACE,,,ITA
1.0,1,39,ITA,POL,R2,JUMP,ERROR,,,POL
1.0,1,40,POL,ITA,R6,HYBRID,IN,5.0,3.0,POL
1.0,1,41,POL,ITA,R6,JUMP,IN,6.0,1.0,POL
1.0,1,42,POL,ITA,R6,HYBRID,ACE,,,POL
1.0,1,43,POL,ITA,R6,HYBRID,IN,6.0,1.0,ITA
1.0,1,44,ITA,POL,R3,JUMP,IN,6.0,2.0,POL
1.0,1,45,POL,ITA,R1,JUMP,IN,5.0,1.0,POL
1.0,1,46,POL,ITA,R1,JUMP,IN,5.0,3.0,POL
1.0,1,47,POL,ITA,R1,JUMP,IN,6.0,2.0,POL
1.0,2,1,ITA,POL,R1,FLOAT,IN,1.0,3.0,POL
1.0,2,2,POL,ITA,R3,JUMP,IN,6.0,2.0,POL
1.0,2,3,POL,ITA,R3,JUMP,IN,1.0,2.0,POL
1.0,2,4,POL,ITA,R3,JUMP,ERROR,,,ITA
1.0,2,5,ITA,POL,R2,JUMP,ERROR,,,POL
1.0,2,6,POL,ITA,R4,JUMP,IN,6.0,3.0,ITA
1.0,2,7,ITA,POL,R3,FLOAT,IN,6.0,2.0,ITA
1.0,2,8,ITA,POL,R3,FLOAT,IN,6.0,3.0,POL
1.0,2,9,POL,ITA,R5,JUMP,IN,6.0,1.0,POL
1.0,2,10,POL,ITA,R5,JUMP,IN,5.0,3.0,ITA
1.0,2,11,ITA,POL,R4,JUMP,IN,6.0,1.0,POL
1.0,2,12,POL,ITA,R6,HYBRID,IN,6.0,3.0,ITA
1.0,2,13,ITA,POL,R5,HYBRID,ACE,,,ITA
1.0,2,14,ITA,POL,R5,JUMP,IN,1.0,3.0,ITA
1.0,2,15,ITA,POL,R5,JUMP,IN,6.0,2.0,POL
1.0,2,16,POL,ITA,R1,HYBRID,IN,5.0,3.0,ITA
1.0,2,17,ITA,POL,R6,JUMP,ERROR,,,POL
1.0,2,18,POL,ITA,R2,JUMP,IN,5.0,3.0,POL
1.0,2,19,POL,ITA,R2,JUMP,ERROR,,,ITA
1.0,2,20,ITA,POL,R1,JUMP,ACE,,,ITA
1.0,2,21,ITA,POL,R1,JUMP,IN,2.0,3.0,POL
1.0,2,22,POL,ITA,R3,JUMP,IN,1.0,3.0,POL
1.0,2,23,POL,ITA,R3,JUMP,IN,6.0,2.0,ITA
1.0,2,24,ITA,POL,R2,HYBRID,IN,6.0,3.0,ITA
1.0,2,25,ITA,POL,R2,JUMP,IN,6.0,3.0,POL
1.0,2,26,POL,ITA,R4,JUMP,IN,6.0,3.0,ITA
1.0,2,27,ITA,POL,R3,FLOAT,IN,6.0,3.0,POL
1.0,2,28,POL,ITA,R5,JUMP,IN,5.0,3.0,POL
1.0,2,29,POL,ITA,R5,JUMP,IN,6.0,2.0,POL
1.0,2,30,POL,ITA,R5,JUMP,IN,1.0,3.0,ITA
1.0,2,31,ITA,POL,R4,JUMP,IN,6.0,2.0,ITA
1.0,2,32,ITA,POL,R4,JUMP,IN,1.0,1.0,ITA
1.0,2,33,ITA,POL,R4,JUMP,IN,1.0,1.0,POL
1.0,2,34,POL,ITA,R6,HYBRID,IN,6.0,1.0,ITA
1.0,2,35,ITA,POL,R5,JUMP,IN,6.0,0.0,POL
1.0,2,36,POL,ITA,R1,HYBRID,IN,2.0,3.0,ITA
1.0,2,37,ITA,POL,R6,HYBRID,IN,1.0,3.0,POL
1.0,2,38,POL,ITA,R2,JUMP,IN,6.0,3.0,POL
1.0,2,39,POL,ITA,R2,JUMP,ERROR,,,ITA
1.0,2,40,ITA,POL,R1,JUMP,ACE,,,ITA
1.0,2,41,ITA,POL,R1,JUMP,IN,5.0,2.0,ITA
1.0,2,42,ITA,POL,R1,JUMP,IN,5.0,1.0,ITA
1.0,2,43,ITA,POL,R1,JUMP,IN,6.0,1.0,ITA
1.0,2,44,ITA,POL,R1,HYBRID,IN,1.0,2.0,POL
1.0,2,45,POL,ITA,R3,JUMP,IN,6.0,2.0,ITA
1.0,2,46,ITA,POL,R2,JUMP,IN,6.0,1.0,ITA
1.0,3,1,POL,ITA,R5,JUMP,IN,6.0,2.0,ITA
1.0,3,2,ITA,POL,R4,JUMP,IN,5.0,1.0,POL
1.0,3,3,POL,ITA,R6,HYBRID,IN,5.0,2.0,ITA
1.0,3,4,ITA,POL,R5,JUMP,ERROR,,,POL
1.0,3,5,POL,ITA,R1,HYBRID,ACE,,,POL
1.0,3,6,POL,ITA,R1,HYBRID,IN,6.0,3.0,POL
1.0,3,7,POL,ITA,R1,FLOAT,IN,4.0,3.0,ITA
1.0,3,8,ITA,POL,R6,FLOAT,ERROR,,,POL
1.0,3,9,POL,ITA,R2,JUMP,IN,3.0,3.0,ITA
1.0,3,10,ITA,POL,R1,JUMP,IN,1.0,2.0,POL
1.0,3,11,POL,ITA,R3,JUMP,IN,6.0,2.0,POL
1.0,3,12,POL,ITA,R3,JUMP,IN,6.0,3.0,ITA
1.0,3,13,ITA,POL,R2,JUMP,IN,6.0,0.0,ITA
1.0,3,14,ITA,POL,R2,JUMP,IN,1.0,1.0,POL
1.0,3,15,POL,ITA,R4,JUMP,IN,1.0,2.0,ITA
1.0,3,16,ITA,POL,R3,FLOAT,IN,6.0,3.0,ITA
1.0,3,17,ITA,POL,R3,FLOAT,IN,6.0,2.0,ITA
1.0,3,18,ITA,POL,R3,FLOAT,ERROR,,,POL
1.0,3,19,POL,ITA,R5,JUMP,IN,6.0,0.0,ITA
1.0,3,20,ITA,POL,R4,JUMP,ERROR,,,POL
1.0,3,21,POL,ITA,R6,HYBRID,ERROR,,,ITA
1.0,3,22,ITA,POL,R5,JUMP,IN,4.0,2.0,POL
1.0,3,23,POL,ITA,R1,HYBRID,IN,6.0,3.0,ITA
1.0,3,24,ITA,POL,R6,FLOAT,IN,1.0,3.0,ITA
1.0,3,25,ITA,POL,R6,FLOAT,IN,6.0,3.0,POL
1.0,3,26,POL,ITA,R2,HYBRID,IN,5.0,1.0,ITA
1.0,3,27,ITA,POL,R1,JUMP,IN,6.0,3.0,POL
1.0,3,28,POL,ITA,R3,JUMP,IN,1.0,3.0,ITA
1.0,3,29,ITA,POL,R2,HYBRID,IN,6.0,1.0,POL
1.0,3,30,POL,ITA,R4,JUMP,IN,5.0,1.0,ITA
1.0,3,31,ITA,POL,R3,HYBRID,IN,6.0,2.0,POL
1.0,3,32,POL,ITA,R5,JUMP,IN,1.0,2.0,ITA
1.0,3,33,ITA,POL,R4,JUMP,IN,6.0,0.0,ITA
1.0,3,34,ITA,POL,R4,JUMP,IN,6.0,3.0,ITA
1.0,3,35,ITA,POL,R4,JUMP,IN,6.0,0.0,ITA
1.0,3,36,ITA,POL,R4,JUMP,ERROR,,,POL
1.0,3,37,POL,ITA,R6,HYBRID,IN,5.0,2.0,ITA
1.0,3,38,ITA,POL,R5,JUMP,IN,6.0,0.0,ITA
1.0,3,39,ITA,POL,R5,JUMP,IN,5.0,2.0,ITA
1.0,3,40,ITA,POL,R5,HYBRID,IN,6.0,1.0,POL
1.0,3,41,POL,ITA,R1,FLOAT,IN,2.0,3.0,ITA
1.0,3,42,ITA,POL,R6,FLOAT,ERROR,,,POL
1.0,3,43,POL,ITA,R2,JUMP,IN,6.0,2.0,ITA
1.0,4,1,ITA,POL,R1,JUMP,ERROR,,,POL
1.0,4,2,POL,ITA,R3,JUMP,IN,6.0,3.0,POL
1.0,4,3,POL,ITA,R3,JUMP,IN,4.0,2.0,ITA
1.0,4,4,ITA,POL,R2,JUMP,IN,5.0,1.0,POL
1.0,4,5,POL,ITA,R4,JUMP,IN,3.0,1.0,ITA
1.0,4,6,ITA,POL,R3,FLOAT,IN,1.0,3.0,ITA
1.0,4,7,ITA,POL,R3,FLOAT,IN,5.0,2.0,POL
1.0,4,8,POL,ITA,R5,JUMP,IN,6.0,3.0,ITA
1.0,4,9,ITA,POL,R4,JUMP,IN,5.0,1.0,ITA
1.0,4,10,ITA,POL,R4,JUMP,IN,6.0,1.0,POL
1.0,4,11,POL,ITA,R6,HYBRID,IN,6.0,2.0,ITA
1.0,4,12,ITA,POL,R5,HYBRID,IN,6.0,3.0,POL
1.0,4,13,POL,ITA,R1,HYBRID,ERROR,,,ITA
1.0,4,14,ITA,POL,R6,FLOAT,IN,5.0,3.0,ITA
1.0,4,15,ITA,POL,R6,FLOAT,IN,5.0,1.0,ITA
1.0,4,16,ITA,POL,R6,FLOAT,IN,5.0,1.0,ITA
1.0,4,17,ITA,POL,R6,FLOAT,ERROR,,,POL
1.0,4,18,POL,ITA,R2,JUMP,IN,1.0,2.0,ITA
1.0,4,19,ITA,POL,R1,HYBRID,IN,5.0,3.0,ITA
1.0,4,20,ITA,POL,R1,HYBRID,IN,6.0,2.0,POL
1.0,4,21,POL,ITA,R3,JUMP,IN,1.0,2.0,ITA
1.0,4,22,ITA,POL,R2,JUMP,IN,6.0,3.0,POL
1.0,4,23,POL,ITA,R4,JUMP,ACE,,,POL
1.0,4,24,POL,ITA,R4,JUMP,IN,6.0,1.0,ITA
1.0,4,25,ITA,POL,R3,FLOAT,ERROR,,,POL
1.0,4,26,POL,ITA,R5,JUMP,IN,6.0,1.0,ITA
1.0,4,27,ITA,POL,R4,JUMP,IN,6.0,1.0,ITA
1.0,4,28,ITA,POL,R4,JUMP,ERROR,,,POL
1.0,4,29,POL,ITA,R6,HYBRID,ACE,,,POL
1.0,4,30,POL,ITA,R6,HYBRID,ERROR,,,ITA
1.0,4,31,ITA,POL,R5,JUMP,IN,6.0,2.0,ITA
1.0,4,32,ITA,POL,R5,JUMP,ERROR,,,POL
1.0,4,33,POL,ITA,R1,HYBRID,IN,5.0,1.0,ITA
1.0,4,34,ITA,POL,R6,JUMP,IN,1.0,3.0,POL
1.0,4,35,POL,ITA,R2,JUMP,ACE,,,POL
1.0,4,36,POL,ITA,R2,JUMP,IN,6.0,3.0,ITA
1.0,4,37,ITA,POL,R1,HYBRID,IN,5.0,3.0,POL
1.0,4,38,POL,ITA,R3,JUMP,IN,6.0,3.0,ITA
1.0,4,39,ITA,POL,R2,JUMP,IN,6.0,1.0,POL
1.0,4,40,POL,ITA,R4,JUMP,ERROR,,,ITA
1.0,4,41,ITA,POL,R3,JUMP,IN,6.0,3.0,ITA
1.0,4,42,ITA,POL,R3,JUMP,ERROR,,,POL
1.0,4,43,POL,ITA,R5,JUMP,ERROR,,,ITA
1.0,4,44,ITA,POL,R4,JUMP,ERROR,,,POL
1.0,4,45,POL,ITA,R6,FLOAT,ERROR,,,ITA
2.0,1,1,ITA,BRA,R5,JUMP,IN,5.0,2.0,ITA
2.0,1,2,ITA,BRA,R5,JUMP,IN,6.0,3.0,BRA
2.0,1,3,BRA,ITA,R3,FLOAT,IN,1.0,2.0,ITA
2.0,1,4,ITA,BRA,R6,FLOAT,IN,6.0,3.0,BRA
2.0,1,5,BRA,ITA,R4,JUMP,ERROR,,,ITA
2.0,1,6,ITA,BRA,R1,JUMP,IN,5.0,2.0,BRA
2.0,1,7,BRA,ITA,R5,JUMP,IN,1.0,2.0,ITA
2.0,1,8,ITA,BRA,R2,JUMP,IN,1.0,3.0,BRA
2.0,1,9,BRA,ITA,R6,JUMP,ERROR,,,ITA
2.0,1,10,ITA,BRA,R3,HYBRID,ACE,,,ITA
2.0,1,11,ITA,BRA,R3,HYBRID,IN,6.0,1.0,BRA
2.0,1,12,BRA,ITA,R1,HYBRID,IN,1.0,1.0,BRA
2.0,1,13,BRA,ITA,R1,HYBRID,ERROR,,,ITA
2.0,1,14,ITA,BRA,R4,JUMP,ERROR,,,BRA
2.0,1,15,BRA,ITA,R2,JUMP,IN,5.0,2.0,BRA
2.0,1,16,BRA,ITA,R2,HYBRID,IN,3.0,2.0,ITA
2.0,1,17,ITA,BRA,R5,JUMP,IN,1.0,3.0,BRA
2.0,1,18,BRA,ITA,R3,FLOAT,IN,1.0,2.0,BRA
2.0,1,19,BRA,ITA,R3,FLOAT,IN,1.0,3.0,ITA
2.0,1,20,ITA,BRA,R6,HYBRID,IN,6.0,3.0,BRA
2.0,1,21,BRA,ITA,R4,JUMP,ERROR,,,ITA
2.0,1,22,ITA,BRA,R1,JUMP,IN,5.0,2.0,BRA
2.0,1,23,BRA,ITA,R5,JUMP,ACE,,,BRA
2.0,1,24,BRA,ITA,R5,JUMP,IN,1.0,3.0,BRA
2.0,1,25,BRA,ITA,R5,JUMP,IN,5.0,3.0,ITA
2.0,1,26,ITA,BRA,R2,JUMP,ERROR,,,BRA
2.0,1,27,BRA,ITA,R6,JUMP,IN,1.0,2.0,BRA
2.0,1,28,BRA,ITA,R6,JUMP,IN,6.0,3.0,ITA
2.0,1,29,ITA,BRA,R3,HYBRID,ERROR,,,BRA
2.0,1,30,BRA,ITA,R1,HYBRID,IN,6.0,0.0,BRA
2.0,1,31,BRA,ITA,R1,HYBRID,IN,1.0,3.0,BRA
2.0,1,32,BRA,ITA,R1,HYBRID,IN,6.0,3.0,BRA
2.0,1,33,BRA,ITA,R1,HYBRID,IN,5.0,3.0,ITA
2.0,1,34,ITA,BRA,R4,JUMP,ERROR,,,BRA
2.0,1,35,BRA,ITA,R2,HYBRID,IN,1.0,3.0,ITA
2.0,1,36,ITA,BRA,R5,JUMP,IN,6.0,1.0,ITA
2.0,1,37,ITA,BRA,R5,JUMP,IN,5.0,1.0,ITA
2.0,1,38,ITA,BRA,R5,JUMP,IN,5.0,1.0,BRA
2.0,1,39,BRA,ITA,R3,FLOAT,ERROR,,,ITA
2.0,1,40,ITA,BRA,R6,HYBRID,IN,5.0,3.0,BRA
2.0,1,41,BRA,ITA,R4,JUMP,IN,6.0,2.0,BRA
2.0,1,42,BRA,ITA,R4,JUMP,IN,1.0,2.0,BRA
2.0,2,1,BRA,ITA,R2,JUMP,ERROR,,,ITA
2.0,2,2,ITA,BRA,R5,JUMP,IN,5.0,3.0,BRA
2.0,2,3,BRA,ITA,R3,FLOAT,IN,1.0,3.0,ITA
2.0,2,4,ITA,BRA,R6,HYBRID,IN,5.0,2.0,BRA
2.0,2,5,BRA,ITA,R4,JUMP,ERROR,,,ITA
2.0,2,6,ITA,BRA,R1,HYBRID,ERROR,,,BRA
2.0,2,7,BRA,ITA,R5,JUMP,IN,1.0,2.0,ITA
2.0,2,8,ITA,BRA,R2,JUMP,IN,1.0,3.0,ITA
2.0,2,9,ITA,BRA,R2,JUMP,ACE,,,ITA
2.0,2,10,ITA,BRA,R2,JUMP,IN,5.0,0.0,ITA
2.0,2,11,ITA,BRA,R2,JUMP,IN,1.0,3.0,BRA
2.0,2,12,BRA,ITA,R6,JUMP,IN,6.0,0.0,BRA
2.0,2,13,BRA,ITA,R6,JUMP,IN,6.0,1.0,ITA
2.0,2,14,ITA,BRA,R3,HYBRID,IN,6.0,1.0,ITA
2.0,2,15,ITA,BRA,R3,FLOAT,IN,6.0,3.0,BRA
2.0,2,16,BRA,ITA,R1,FLOAT,IN,1.0,3.0,ITA
2.0,2,17,ITA,BRA,R4,JUMP,IN,6.0,2.0,ITA
2.0,2,18,ITA,BRA,R4,JUMP,IN,1.0,3.0,BRA
2.0,2,19,BRA,ITA,R2,JUMP,IN,5.0,2.0,ITA
2.0,2,20,ITA,BRA,R5,JUMP,ACE,,,ITA
2.0,2,21,ITA,BRA,R5,JUMP,IN,1.0,2.0,BRA
2.0,2,22,BRA,ITA,R3,FLOAT,IN,1.0,3.0,ITA
2.0,2,23,ITA,BRA,R6,HYBRID,IN,5.0,2.0,BRA
2.0,2,24,BRA,ITA,R4,JUMP,ERROR,,,ITA
2.0,2,25,ITA,BRA,R1,HYBRID,IN,6.0,3.0,BRA
2.0,2,26,BRA,ITA,R5,JUMP,ERROR,,,ITA
2.0,2,27,ITA,BRA,R2,JUMP,IN,1.0,1.0,ITA
2.0,2,28,ITA,BRA,R2,JUMP,IN,1.0,0.0,ITA
2.0,2,29,ITA,BRA,R2,JUMP,IN,1.0,1.0,BRA
2.0,2,30,BRA,ITA,R6,FLOAT,ERROR,,,ITA
2.0,2,31,ITA,BRA,R3,HYBRID,IN,6.0,3.0,BRA
2.0,2,32,BRA,ITA,R1,FLOAT,IN,5.0,1.0,ITA
2.0,2,33,ITA,BRA,R4,JUMP,IN,1.0,2.0,BRA
2.0,2,34,BRA,ITA,R2,JUMP,IN,5.0,1.0,ITA
2.0,2,35,ITA,BRA,R5,HYBRID,IN,5.0,1.0,ITA
2.0,2,36,ITA,BRA,R5,JUMP,IN,5.0,1.0,ITA
2.0,2,37,ITA,BRA,R5,JUMP,IN,1.0,1.0,BRA
2.0,2,38,BRA,ITA,R3,FLOAT,IN,1.0,2.0,BRA
2.0,2,39,BRA,ITA,R3,FLOAT,IN,1.0,3.0,ITA
2.0,2,40,ITA,BRA,R6,JUMP,IN,5.0,0.0,ITA
2.0,3,1,ITA,BRA,R5,JUMP,IN,5.0,3.0,BRA
2.0,3,2,BRA,ITA,R5,JUMP,IN,6.0,3.0,ITA
2.0,3,3,ITA,BRA,R6,FLOAT,IN,6.0,1.0,ITA
2.0,3,4,ITA,BRA,R6,HYBRID,ERROR,,,BRA
2.0,3,5,BRA,ITA,R6,FLOAT,IN,6.0,3.0,BRA
2.0,3,6,BRA,ITA,R6,FLOAT,IN,1.0,2.0,ITA
2.0,3,7,ITA,BRA,R1,JUMP,IN,5.0,1.0,BRA
2.0,3,8,BRA,ITA,R1,HYBRID,IN,6.0,0.0,BRA
2.0,3,9,BRA,ITA,R1,HYBRID,IN,1.0,2.0,ITA
2.0,3,10,ITA,BRA,R2,JUMP,IN,6.0,1.0,BRA
2.0,3,11,BRA,ITA,R2,JUMP,IN,1.0,3.0,BRA
2.0,3,12,BRA,ITA,R2,JUMP,IN,1.0,1.0,BRA
2.0,3,13,BRA,ITA,R2,JUMP,IN,6.0,1.0,BRA
2.0,3,14,BRA,ITA,R2,JUMP,IN,6.0,2.0,BRA
2.0,3,15,BRA,ITA,R2,JUMP,IN,1.0,1.0,BRA
2.0,3,16,BRA,ITA,R2,JUMP,IN,1.0,0.0,ITA
2.0,3,17,ITA,BRA,R3,FLOAT,IN,5.0,3.0,ITA
2.0,3,18,ITA,BRA,R3,FLOAT,ERROR,,,BRA
2.0,3,19,BRA,ITA,R3,HYBRID,IN,6.0,2.0,BRA
2.0,3,20,BRA,ITA,R3,FLOAT,IN,5.0,3.0,BRA
2.0,3,21,BRA,ITA,R3,HYBRID,IN,6.0,3.0,ITA
2.0,3,22,ITA,BRA,R4,JUMP,ACE,,,ITA
2.0,3,23,ITA,BRA,R4,JUMP,ERROR,,,BRA
2.0,3,24,BRA,ITA,R4,JUMP,IN,6.0,3.0,ITA
2.0,3,25,ITA,BRA,R5,JUMP,IN,6.0,2.0,ITA
2.0,3,26,ITA,BRA,R5,HYBRID,ERROR,,,BRA
2.0,3,27,BRA,ITA,R5,JUMP,IN,6.0,3.0,ITA
2.0,3,28,ITA,BRA,R6,FLOAT,IN,1.0,2.0,ITA
2.0,3,29,ITA,BRA,R6,FLOAT,IN,1.0,3.0,ITA
2.0,3,30,ITA,BRA,R6,FLOAT,IN,1.0,2.0,ITA
2.0,3,31,ITA,BRA,R6,FLOAT,IN,6.0,3.0,ITA
2.0,3,32,ITA,BRA,R6,FLOAT,IN,6.0,1.0,BRA
2.0,3,33,BRA,ITA,R6,JUMP,ERROR,,,ITA
2.0,3,34,ITA,BRA,R1,JUMP,IN,6.0,3.0,BRA
2.0,3,35,BRA,ITA,R1,HYBRID,IN,6.0,2.0,ITA
2.0,3,36,ITA,BRA,R2,JUMP,IN,5.0,3.0,BRA
2.0,3,37,BRA,ITA,R2,JUMP,ERROR,,,ITA
2.0,3,38,ITA,BRA,R3,JUMP,ERROR,,,BRA
2.0,3,39,BRA,ITA,R3,HYBRID,IN,6.0,1.0,ITA
2.0,3,40,ITA,BRA,R4,JUMP,IN,6.0,3.0,BRA
2.0,3,41,BRA,ITA,R4,JUMP,IN,1.0,2.0,ITA
2.0,3,42,ITA,BRA,R5,JUMP,IN,5.0,1.0,BRA
2.0,3,43,BRA,ITA,R5,HYBRID,ERROR,,,ITA
2.0,3,44,ITA,BRA,R6,JUMP,IN,1.0,2.0,BRA
2.0,3,45,BRA,ITA,R6,HYBRID,IN,1.0,2.0,ITA
2.0,3,46,ITA,BRA,R1,JUMP,IN,6.0,2.0,BRA
2.0,3,47,BRA,ITA,R1,JUMP,IN,1.0,1.0,BRA
2.0,4,1,BRA,ITA,R4,JUMP,IN,6.0,1.0,ITA
2.0,4,2,ITA,BRA,R1,JUMP,IN,6.0,3.0,BRA
2.0,4,3,BRA,ITA,R5,JUMP,IN,5.0,3.0,ITA
2.0,4,4,ITA,BRA,R2,JUMP,ACE,,,ITA
2.0,4,5,ITA,BRA,R2,JUMP,IN,1.0,2.0,BRA
2.0,4,6,BRA,ITA,R6,JUMP,IN,6.0,3.0,ITA
2.0,4,7,ITA,BRA,R3,FLOAT,IN,6.0,2.0,BRA
2.0,4,8,BRA,ITA,R1,FLOAT,IN,5.0,3.0,ITA
2.0,4,9,ITA,BRA,R4,JUMP,IN,6.0,1.0,ITA
2.0,4,10,ITA,BRA,R4,JUMP,IN,1.0,2.0,BRA
2.0,4,11,BRA,ITA,R2,HYBRID,IN,6.0,2.0,ITA
2.0,4,12,ITA,BRA,R5,JUMP,ACE,,,ITA
2.0,4,13,ITA,BRA,R5,JUMP,IN,5.0,1.0,ITA
2.0,4,14,ITA,BRA,R5,HYBRID,IN,6.0,1.0,ITA
2.0,4,15,ITA,BRA,R5,JUMP,ERROR,,,BRA
2.0,4,16,BRA,ITA,R3,FLOAT,IN,6.0,3.0,BRA
2.0,4,17,BRA,ITA,R3,FLOAT,IN,1.0,3.0,ITA
2.0,4,18,ITA,BRA,R6,JUMP,ERROR,,,BRA
2.0,4,19,BRA,ITA,R4,JUMP,ERROR,,,ITA
2.0,4,20,ITA,BRA,R1,JUMP,IN,6.0,2.0,ITA
2.0,4,21,ITA,BRA,R1,JUMP,IN,1.0,3.0,BRA
2.0,4,22,BRA,ITA,R5,JUMP,IN,6.0,2.0,BRA
2.0,4,23,BRA,ITA,R5,JUMP,IN,5.0,2.0,ITA
2.0,4,24,ITA,BRA,R2,JUMP,IN,6.0,2.0,BRA
2.0,4,25,BRA,ITA,R6,JUMP,IN,1.0,2.0,BRA
2.0,4,26,BRA,ITA,R6,JUMP,IN,1.0,2.0,ITA
2.0,4,27,ITA,BRA,R3,HYBRID,ACE,,,ITA
2.0,4,28,ITA,BRA,R3,HYBRID,IN,6.0,1.0,BRA
2.0,4,29,BRA,ITA,R1,HYBRID,IN,6.0,3.0,ITA
2.0,4,30,ITA,BRA,R4,JUMP,IN,6.0,3.0,ITA
2.0,4,31,ITA,BRA,R4,JUMP,IN,6.0,2.0,BRA
2.0,4,32,BRA,ITA,R2,JUMP,IN,5.0,1.0,ITA
2.0,4,33,ITA,BRA,R5,JUMP,IN,1.0,3.0,ITA
2.0,4,34,ITA,BRA,R5,JUMP,ERROR,,,BRA
2.0,4,35,BRA,ITA,R3,JUMP,IN,1.0,2.0,BRA
2.0,4,36,BRA,ITA,R3,JUMP,IN,6.0,1.0,ITA
2.0,4,37,ITA,BRA,R6,JUMP,ACE,,,ITA
2.0,4,38,ITA,BRA,R6,JUMP,IN,6.0,3.0,BRA
2.0,4,39,BRA,ITA,R4,JUMP,IN,5.0,2.0,BRA
2.0,4,40,BRA,ITA,R4,JUMP,IN,5.0,1.0,ITA
2.0,4,41,ITA,BRA,R1,JUMP,IN,5.0,2.0,ITA
2.0,4,42,ITA,BRA,R1,JUMP,ACE,,,ITA
2.0,5,1,ITA,BRA,R5,JUMP,ERROR,,,BRA
2.0,5,2,BRA,ITA,R3,HYBRID,IN,1.0,3.0,ITA
2.0,5,3,ITA,BRA,R6,JUMP,IN,6.0,2.0,BRA
2.0,5,4,BRA,ITA,R4,JUMP,ERROR,,,ITA
2.0,5,5,ITA,BRA,R1,JUMP,ERROR,,,BRA
2.0,5,6,BRA,ITA,R5,JUMP,IN,6.0,3.0,ITA
2.0,5,7,ITA,BRA,R2,JUMP,IN,6.0,1.0,ITA
2.0,5,8,ITA,BRA,R2,JUMP,IN,6.0,2.0,BRA
2.0,5,9,BRA,ITA,R6,JUMP,IN,6.0,3.0,ITA
2.0,5,10,ITA,BRA,R3,HYBRID,IN,6.0,3.0,BRA
2.0,5,11,BRA,ITA,R1,FLOAT,IN,6.0,3.0,ITA
2.0,5,12,ITA,BRA,R4,JUMP,IN,6.0,2.0,ITA
2.0,5,13,ITA,BRA,R4,JUMP,ERROR,,,BRA
2.0,5,14,BRA,ITA,R2,JUMP,IN,5.0,2.0,ITA
2.0,5,15,ITA,BRA,R5,JUMP,ERROR,,,BRA
2.0,5,16,BRA,ITA,R3,FLOAT,IN,1.0,3.0,ITA
2.0,5,17,ITA,BRA,R6,JUMP,ERROR,,,BRA
2.0,5,18,BRA,ITA,R4,FLOAT,IN,5.0,2.0,ITA
2.0,5,19,ITA,BRA,R1,HYBRID,IN,6.0,1.0,BRA
2.0,5,20,BRA,ITA,R5,JUMP,IN,6.0,1.0,BRA
2.0,5,21,BRA,ITA,R5,JUMP,ERROR,,,ITA
2.0,5,22,ITA,BRA,R2,JUMP,IN,1.0,3.0,ITA
2.0,5,23,ITA,BRA,R2,JUMP,IN,1.0,1.0,BRA
2.0,5,24,BRA,ITA,R6,HYBRID,IN,6.0,3.0,ITA
2.0,5,25,ITA,BRA,R3,JUMP,ERROR,,,BRA
2.0,5,26,BRA,ITA,R1,HYBRID,IN,1.0,3.0,ITA
2.0,5,27,ITA,BRA,R4,JUMP,ERROR,,,BRA
2.0,5,28,BRA,ITA,R2,HYBRID,IN,1.0,3.0,ITA
3.0,1,1,POL,USA,R3,JUMP,ERROR,,,USA
3.0,1,2,USA,POL,R3,JUMP,IN,1.0,2.0,POL
3.0,1,3,POL,USA,R4,JUMP,ERROR,,,USA
3.0,1,4,USA,POL,R4,JUMP,IN,6.0,1.0,POL
3.0,1,5,POL,USA,R5,JUMP,IN,5.0,1.0,USA
3.0,1,6,USA,POL,R5,JUMP,ERROR,,,POL
3.0,1,7,POL,USA,R6,HYBRID,ERROR,,,USA
3.0,1,8,USA,POL,R6,JUMP,IN,5.0,1.0,POL
3.0,1,9,POL,USA,R1,FLOAT,IN,5.0,2.0,USA
3.0,1,10,USA,POL,R1,HYBRID,IN,6.0,3.0,POL
3.0,1,11,POL,USA,R2,JUMP,IN,5.0,3.0,USA
3.0,1,12,USA,POL,R2,JUMP,IN,6.0,3.0,USA
3.0,1,13,USA,POL,R2,JUMP,ERROR,,,POL
3.0,1,14,POL,USA,R3,JUMP,IN,6.0,3.0,POL
3.0,1,15,POL,USA,R3,JUMP,ACE,,,POL
3.0,1,16,POL,USA,R3,JUMP,IN,1.0,2.0,USA
3.0,1,17,USA,POL,R3,FLOAT,IN,5.0,2.0,POL
3.0,1,18,POL,USA,R4,JUMP,IN,6.0,2.0,USA
3.0,1,19,USA,POL,R4,JUMP,IN,6.0,2.0,POL
3.0,1,20,POL,USA,R5,JUMP,IN,6.0,3.0,USA
3.0,1,21,USA,POL,R5,JUMP,IN,6.0,1.0,POL
3.0,1,22,POL,USA,R6,HYBRID,IN,6.0,3.0,USA
3.0,1,23,USA,POL,R6,JUMP,IN,6.0,2.0,POL
3.0,1,24,POL,USA,R1,HYBRID,IN,5.0,2.0,POL
3.0,1,25,POL,USA,R1,HYBRID,ERROR,,,USA
3.0,1,26,USA,POL,R1,FLOAT,IN,6.0,2.0,POL
3.0,1,27,POL,USA,R2,JUMP,IN,6.0,2.0,POL
3.0,1,28,POL,USA,R2,JUMP,IN,6.0,2.0,USA
3.0,1,29,USA,POL,R2,HYBRID,ACE,,,USA
3.0,1,30,USA,POL,R2,JUMP,ERROR,,,POL
3.0,1,31,POL,USA,R3,JUMP,ACE,,,POL
3.0,1,32,POL,USA,R3,JUMP,ACE,,,POL
3.0,1,33,POL,USA,R3,JUMP,IN,6.0,2.0,POL
3.0,1,34,POL,USA,R3,JUMP,IN,6.0,3.0,POL
3.0,1,35,POL,USA,R3,JUMP,ERROR,,,USA
3.0,1,36,USA,POL,R3,JUMP,IN,6.0,2.0,USA
3.0,1,37,USA,POL,R3,JUMP,IN,5.0,1.0,POL
3.0,1,38,POL,USA,R4,JUMP,IN,1.0,2.0,USA
3.0,1,39,USA,POL,R4,JUMP,IN,5.0,0.0,USA
3.0,1,40,USA,POL,R4,JUMP,IN,6.0,2.0,POL
3.0,1,41,POL,USA,R5,JUMP,IN,6.0,3.0,USA
3.0,1,42,USA,POL,R5,JUMP,IN,1.0,1.0,POL
3.0,1,43,POL,USA,R6,JUMP,IN,6.0,3.0,USA
3.0,1,44,USA,POL,R6,HYBRID,IN,5.0,3.0,POL
3.0,1,45,POL,USA,R1,JUMP,IN,5.0,2.0,POL
3.0,2,1,USA,POL,R2,JUMP,IN,1.0,3.0,POL
3.0,2,2,POL,USA,R3,JUMP,ERROR,,,USA
3.0,2,3,USA,POL,R3,JUMP,IN,5.0,2.0,USA
3.0,2,4,USA,POL,R3,HYBRID,IN,6.0,3.0,POL
3.0,2,5,POL,USA,R4,JUMP,IN,5.0,2.0,USA
3.0,2,6,USA,POL,R4,JUMP,IN,6.0,3.0,POL
3.0,2,7,POL,USA,R5,JUMP,IN,5.0,1.0,USA
3.0,2,8,USA,POL,R5,JUMP,IN,5.0,3.0,POL
3.0,2,9,POL,USA,R6,HYBRID,IN,1.0,3.0,USA
3.0,2,10,USA,POL,R6,JUMP,IN,6.0,3.0,POL
3.0,2,11,POL,USA,R1,FLOAT,IN,5.0,0.0,POL
3.0,2,12,POL,USA,R1,HYBRID,ACE,,,POL
3.0,2,13,POL,USA,R1,HYBRID,IN,5.0,3.0,USA
3.0,2,14,USA,POL,R1,FLOAT,IN,6.0,3.0,POL
3.0,2,15,POL,USA,R2,JUMP,IN,5.0,3.0,USA
3.0,2,16,USA,POL,R2,JUMP,ACE,,,USA
3.0,2,17,USA,POL,R2,JUMP,IN,1.0,1.0,POL
3.0,2,18,POL,USA,R3,JUMP,IN,6.0,1.0,USA
3.0,2,19,USA,POL,R3,FLOAT,ACE,,,USA
3.0,2,20,USA,POL,R3,FLOAT,IN,6.0,2.0,POL
3.0,2,21,POL,USA,R4,JUMP,IN,6.0,1.0,USA
3.0,2,22,USA,POL,R4,JUMP,ERROR,,,POL
3.0,2,23,POL,USA,R5,JUMP,IN,6.0,1.0,POL
3.0,2,24,POL,USA,R5,JUMP,IN,6.0,1.0,USA
3.0,2,25,USA,POL,R5,JUMP,IN,5.0,0.0,USA
3.0,2,26,USA,POL,R5,JUMP,IN,6.0,1.0,POL
3.0,2,27,POL,USA,R6,HYBRID,IN,6.0,3.0,USA
3.0,2,28,USA,POL,R6,JUMP,IN,6.0,2.0,POL
3.0,2,29,POL,USA,R1,HYBRID,IN,4.0,0.0,POL
3.0,2,30,POL,USA,R1,HYBRID,IN,4.0,3.0,USA
3.0,2,31,USA,POL,R1,HYBRID,IN,1.0,2.0,USA
3.0,2,32,USA,POL,R1,FLOAT,ERROR,,,POL
3.0,2,33,POL,USA,R2,JUMP,IN,6.0,2.0,USA
3.0,2,34,USA,POL,R2,JUMP,IN,6.0,2.0,POL
3.0,2,35,POL,USA,R3,JUMP,ERROR,,,USA
3.0,2,36,USA,POL,R3,FLOAT,ERROR,,,POL
3.0,2,37,POL,USA,R4,JUMP,ERROR,,,USA
3.0,2,38,USA,POL,R4,JUMP,IN,6.0,2.0,POL
3.0,2,39,POL,USA,R5,JUMP,IN,1.0,2.0,USA
3.0,2,40,USA,POL,R5,JUMP,ACE,,,USA
3.0,2,41,USA,POL,R5,JUMP,IN,5.0,1.0,POL
3.0,2,42,POL,USA,R6,HYBRID,ACE,,,POL
3.0,2,43,POL,USA,R6,HYBRID,ERROR,,,USA
3.0,2,44,USA,POL,R6,JUMP,IN,6.0,1.0,USA
3.0,2,45,USA,POL,R6,JUMP,ERROR,,,POL
3.0,2,46,POL,USA,R1,JUMP,IN,5.0,3.0,POL
3.0,2,47,POL,USA,R1,JUMP,ERROR,,,USA
3.0,2,48,USA,POL,R1,JUMP,IN,1.0,3.0,POL
3.0,2,49,POL,USA,R2,JUMP,IN,1.0,0.0,POL
3.0,2,50,POL,USA,R2,JUMP,IN,5.0,3.0,USA
3.0,2,51,USA,POL,R2,JUMP,IN,6.0,3.0,POL
3.0,2,52,POL,USA,R3,JUMP,IN,6.0,0.0,POL
3.0,3,1,POL,USA,R2,JUMP,IN,6.0,1.0,USA
3.0,3,2,USA,POL,R2,HYBRID,IN,6.0,3.0,POL
3.0,3,3,POL,USA,R3,JUMP,ERROR,,,USA
3.0,3,4,USA,POL,R3,JUMP,ERROR,,,POL
3.0,3,5,POL,USA,R4,JUMP,IN,6.0,3.0,USA
3.0,3,6,USA,POL,R4,JUMP,ERROR,,,POL
3.0,3,7,POL,USA,R5,JUMP,ERROR,,,USA
3.0,3,8,USA,POL,R5,JUMP,IN,6.0,3.0,POL
3.0,3,9,POL,USA,R6,HYBRID,IN,1.0,1.0,POL
3.0,3,10,POL,USA,R6,HYBRID,IN,5.0,3.0,USA
3.0,3,11,USA,POL,R6,JUMP,IN,5.0,3.0,POL
3.0,3,12,POL,USA,R1,HYBRID,IN,6.0,2.0,USA
3.0,3,13,USA,POL,R1,HYBRID,IN,5.0,1.0,USA
3.0,3,14,USA,POL,R1,FLOAT,IN,6.0,2.0,POL
3.0,3,15,POL,USA,R2,HYBRID,IN,5.0,2.0,USA
3.0,3,16,USA,POL,R2,HYBRID,IN,1.0,2.0,POL
3.0,3,17,POL,USA,R3,JUMP,IN,6.0,3.0,USA
3.0,3,18,USA,POL,R3,FLOAT,IN,5.0,2.0,POL
3.0,3,19,POL,USA,R4,JUMP,ERROR,,,USA
3.0,3,20,USA,POL,R4,JUMP,ERROR,,,POL
3.0,3,21,POL,USA,R5,JUMP,IN,5.0,1.0,USA
3.0,3,22,USA,POL,R5,JUMP,IN,1.0,3.0,POL
3.0,3,23,POL,USA,R6,HYBRID,IN,6.0,2.0,USA
3.0,3,24,USA,POL,R6,JUMP,IN,6.0,2.0,USA
3.0,3,25,USA,POL,R6,JUMP,IN,6.0,3.0,POL
3.0,3,26,POL,USA,R1,HYBRID,IN,4.0,3.0,USA
3.0,3,27,USA,POL,R1,FLOAT,IN,5.0,3.0,POL
3.0,3,28,POL,USA,R2,HYBRID,IN,5.0,3.0,USA
3.0,3,29,USA,POL,R2,HYBRID,ACE,,,USA
3.0,3,30,USA,POL,R2,JUMP,IN,5.0,2.0,POL
3.0,3,31,POL,USA,R3,JUMP,IN,6.0,2.0,USA
3.0,3,32,USA,POL,R3,HYBRID,IN,6.0,3.0,POL
3.0,3,33,POL,USA,R4,JUMP,IN,6.0,2.0,USA
3.0,3,34,USA,POL,R4,HYBRID,IN,1.0,1.0,USA
3.0,3,35,USA,POL,R4,JUMP,IN,6.0,2.0,POL
3.0,3,36,POL,USA,R5,JUMP,ERROR,,,USA
3.0,3,37,USA,POL,R5,JUMP,IN,1.0,2.0,POL
3.0,3,38,POL,USA,R6,HYBRID,ERROR,,,USA
3.0,3,39,USA,POL,R6,JUMP,IN,6.0,3.0,POL
3.0,3,40,POL,USA,R1,JUMP,IN,5.0,2.0,USA
3.0,3,41,USA,POL,R1,JUMP,IN,6.0,3.0,POL
3.0,3,42,POL,USA,R2,HYBRID,IN,5.0,2.0,USA
3.0,3,43,USA,POL,R2,JUMP,IN,6.0,2.0,POL
3.0,3,44,POL,USA,R3,JUMP,ERROR,,,USA
3.0,3,45,USA,POL,R3,JUMP,IN,5.0,3.0,POL
3.0,3,46,POL,USA,R4,JUMP,ERROR,,,USA
3.0,4,1,USA,POL,R2,JUMP,IN,1.0,2.0,USA
3.0,4,2,USA,POL,R2,HYBRID,IN,1.0,2.0,POL
3.0,4,3,POL,USA,R3,JUMP,ERROR,,,USA
3.0,4,4,USA,POL,R3,JUMP,ERROR,,,POL
3.0,4,5,POL,USA,R4,JUMP,IN,5.0,3.0,USA
3.0,4,6,USA,POL,R4,JUMP,IN,6.0,3.0,USA
3.0,4,7,USA,POL,R4,JUMP,ERROR,,,POL
3.0,4,8,POL,USA,R5,JUMP,IN,6.0,2.0,POL
3.0,4,9,POL,USA,R5,JUMP,ERROR,,,USA
3.0,4,10,USA,POL,R5,JUMP,IN,5.0,2.0,POL
3.0,4,11,POL,USA,R6,HYBRID,IN,5.0,2.0,USA
3.0,4,12,USA,POL,R6,JUMP,IN,5.0,3.0,POL
3.0,4,13,POL,USA,R1,FLOAT,ACE,,,POL
3.0,4,14,POL,USA,R1,FLOAT,IN,5.0,0.0,POL
3.0,4,15,POL,USA,R1,FLOAT,IN,5.0,3.0,USA
3.0,4,16,USA,POL,R1,FLOAT,IN,1.0,2.0,POL
3.0,4,17,POL,USA,R2,JUMP,IN,5.0,3.0,USA
3.0,4,18,USA,POL,R2,JUMP,IN,1.0,3.0,POL
3.0,4,19,POL,USA,R3,JUMP,IN,3.0,2.0,POL
3.0,4,20,POL,USA,R3,JUMP,IN,6.0,2.0,USA
3.0,4,21,USA,POL,R3,FLOAT,IN,6.0,3.0,USA
3.0,4,22,USA,POL,R3,FLOAT,IN,5.0,3.0,USA
3.0,4,23,USA,POL,R3,FLOAT,IN,5.0,3.0,USA
3.0,4,24,USA,POL,R3,FLOAT,IN,5.0,3.0,POL
3.0,4,25,POL,USA,R4,JUMP,ERROR,,,USA
3.0,4,26,USA,POL,R4,JUMP,IN,5.0,1.0,POL
3.0,4,27,POL,USA,R5,HYBRID,IN,1.0,3.0,USA
3.0,4,28,USA,POL,R5,JUMP,ERROR,,,POL
3.0,4,29,POL,USA,R6,HYBRID,ERROR,,,USA
3.0,4,30,USA,POL,R6,JUMP,IN,6.0,3.0,POL
3.0,4,31,POL,USA,R1,JUMP,IN,6.0,3.0,USA
3.0,4,32,USA,POL,R1,FLOAT,IN,1.0,2.0,POL
3.0,4,33,POL,USA,R2,JUMP,ERROR,,,USA
3.0,4,34,USA,POL,R2,JUMP,IN,6.0,3.0,USA
3.0,4,35,USA,POL,R2,JUMP,ERROR,,,POL
3.0,4,36,POL,USA,R3,JUMP,IN,5.0,1.0,USA
3.0,4,37,USA,POL,R3,HYBRID,IN,6.0,2.0,USA
3.0,4,38,USA,POL,R3,HYBRID,ACE,,,USA
3.0,4,39,USA,POL,R3,HYBRID,IN,6.0,3.0,POL
3.0,4,40,POL,USA,R4,JUMP,ERROR,,,USA
3.0,4,41,USA,POL,R4,JUMP,IN,1.0,2.0,USA
3.0,4,42,USA,POL,R4,JUMP,IN,6.0,2.0,POL
3.0,4,43,POL,USA,R5,JUMP,IN,1.0,1.0,POL
3.0,4,44,POL,USA,R5,JUMP,IN,6.0,1.0,POL
3.0,4,45,POL,USA,R5,JUMP,ERROR,,,USA
3.0,4,46,USA,POL,R5,JUMP,IN,6.0,2.0,POL
3.0,4,47,POL,USA,R6,HYBRID,IN,5.0,2.0,USA
3.0,5,1,USA,POL,R2,JUMP,IN,1.0,3.0,USA
3.0,5,2,USA,POL,R2,JUMP,ERROR,,,POL
3.0,5,3,POL,USA,R3,JUMP,IN,1.0,1.0,POL
3.0,5,4,POL,USA,R3,JUMP,IN,6.0,3.0,USA
3.0,5,5,USA,POL,R3,JUMP,IN,6.0,2.0,POL
3.0,5,6,POL,USA,R4,JUMP,IN,5.0,1.0,POL
3.0,5,7,POL,USA,R4,HYBRID,IN,5.0,3.0,USA
3.0,5,8,USA,POL,R4,JUMP,ERROR,,,POL
3.0,5,9,POL,USA,R5,JUMP,ACE,,,POL
3.0,5,10,POL,USA,R5,JUMP,ERROR,,,USA
3.0,5,11,USA,POL,R5,JUMP,IN,5.0,2.0,USA
3.0,5,12,USA,POL,R5,JUMP,IN,5.0,3.0,POL
3.0,5,13,POL,USA,R6,HYBRID,ACE,,,POL
3.0,5,14,POL,USA,R6,FLOAT,IN,1.0,3.0,USA
3.0,5,15,USA,POL,R6,JUMP,ERROR,,,POL
3.0,5,16,POL,USA,R1,FLOAT,IN,5.0,3.0,USA
3.0,5,17,USA,POL,R1,FLOAT,IN,6.0,2.0,POL
3.0,5,18,POL,USA,R2,HYBRID,ERROR,,,USA
3.0,5,19,USA,POL,R2,JUMP,IN,1.0,3.0,POL
3.0,5,20,POL,USA,R3,JUMP,IN,6.0,3.0,USA
3.0,5,21,USA,POL,R3,JUMP,ERROR,,,POL
3.0,5,22,POL,USA,R4,JUMP,IN,1.0,3.0,USA
3.0,5,23,USA,POL,R4,JUMP,IN,6.0,2.0,USA
3.0,5,24,USA,POL,R4,JUMP,IN,6.0,1.0,POL
3.0,5,25,POL,USA,R5,JUMP,ACE,,,POL
3.0,5,26,POL,USA,R5,JUMP,ERROR,,,USA
3.0,5,27,USA,POL,R5,JUMP,IN,5.0,2.0,POL
4.0,1,1,USA,FRA,R5,JUMP,IN,6.0,2.0,FRA
4.0,1,2,FRA,USA,R1,FLOAT,IN ,5.0,2.0,FRA
4.0,1,3,FRA,USA,R1,FLOAT,IN,6.0,3.0,FRA
4.0,1,4,FRA,USA,R1,FLOAT,IN,5.0,3.0,USA
4.0,1,5,USA,FRA,R6,HYBRID,IN,6.0,3.0,FRA
4.0,1,6,FRA,USA,R2,HYBRID,IN,5.0,3.0,USA
4.0,1,7,USA,FRA,R1,JUMP,IN,6.0,3.0,FRA
4.0,1,8,FRA,USA,R3,JUMP,ERROR,,,USA
4.0,1,9,USA,FRA,R2,JUMP,IN,5.0,2.0,USA
4.0,1,10,USA,FRA,R2,JUMP,IN,5.0,2.0,USA
4.0,1,11,USA,FRA,R2,JUMP,ERROR,,,FRA
4.0,1,12,FRA,USA,R4,JUMP,IN,6.0,3.0,USA
4.0,1,13,USA,FRA,R3,HYBRID,IN,5.0,2.0,FRA
4.0,1,14,FRA,USA,R5,JUMP,IN,6.0,2.0,USA
4.0,1,15,USA,FRA,R4,JUMP,ACE,,,USA
4.0,1,16,USA,FRA,R4,JUMP,IN,5.0,3.0,FRA
4.0,1,17,FRA,USA,R6,FLOAT,ERROR,,,USA
4.0,1,18,USA,FRA,R5,JUMP,IN,5.0,2.0,USA
4.0,1,19,USA,FRA,R5,JUMP,ERROR,,,FRA
4.0,1,20,FRA,USA,R1,FLOAT,IN,6.0,2.0,USA
4.0,1,21,USA,FRA,R6,HYBRID,IN,5.0,3.0,FRA
4.0,1,22,FRA,USA,R2,FLOAT,IN,6.0,3.0,USA
4.0,1,23,USA,FRA,R1,JUMP,IN,6.0,2.0,FRA
4.0,1,24,FRA,USA,R3,JUMP,ERROR,,,USA
4.0,1,25,USA,FRA,R2,JUMP,ERROR,,,FRA
4.0,1,26,FRA,USA,R4,JUMP,IN,1.0,2.0,USA
4.0,1,27,USA,FRA,R3,JUMP,IN,5.0,2.0,USA
4.0,1,28,USA,FRA,R3,JUMP,IN,6.0,3.0,FRA
4.0,1,29,FRA,USA,R5,JUMP,IN,5.0,2.0,USA
4.0,1,30,USA,FRA,R4,JUMP,IN,1.0,2.0,FRA
4.0,1,31,FRA,USA,R6,FLOAT,ERROR,,,USA
4.0,1,32,USA,FRA,R5,JUMP,ERROR,,,FRA
4.0,1,33,FRA,USA,R4,JUMP,IN,6.0,2.0,USA
4.0,1,34,USA,FRA,R6,JUMP,ERROR,,,FRA
4.0,1,35,FRA,USA,R2,JUMP,ERROR,,,USA
4.0,1,36,USA,FRA,R1,JUMP,ERROR,,,FRA
4.0,1,37,FRA,USA,R3,FLOAT,IN,6.0,2.0,USA
4.0,1,38,USA,FRA,R2,JUMP,IN,6.0,2.0,FRA
4.0,1,39,FRA,USA,R4,JUMP,ERROR,,,USA
4.0,1,40,USA,FRA,R3,FLOAT,IN,6.0,3.0,FRA
4.0,1,41,FRA,USA,R5,JUMP,ERROR,,,USA
4.0,1,42,USA,FRA,R4,JUMP,IN,6.0,3.0,FRA
4.0,1,43,FRA,USA,R6,FLOAT,IN,5.0,3.0,USA
4.0,1,44,USA,FRA,R5,JUMP,IN,6.0,3.0,USA
4.0,1,45,USA,FRA,R5,JUMP,IN,6.0,3.0,FRA
4.0,1,46,FRA,USA,R1,FLOAT,IN,5.0,3.0,USA
4.0,2,1,FRA,USA,R2,FLOAT,IN,1.0,3.0,USA
4.0,2,2,USA,FRA,R6,JUMP,IN,1.0,3.0,FRA
4.0,2,3,FRA,USA,R3,JUMP,ERROR,,,USA
4.0,2,4,USA,FRA,R1,FLOAT,IN,6.0,2.0,USA
4.0,2,5,USA,FRA,R1,JUMP,IN,6.0,3.0,FRA
4.0,2,6,FRA,USA,R4,JUMP,IN,6.0,1.0,USA
4.0,2,7,USA,FRA,R2,JUMP,IN,5.0,2.0,USA
4.0,2,8,USA,FRA,R2,HYBRID,IN,6.0,3.0,FRA
4.0,2,9,FRA,USA,R5,HYBRID,IN,1.0,1.0,USA
4.0,2,10,USA,FRA,R3,JUMP,IN,6.0,2.0,USA
4.0,2,11,USA,FRA,R3,JUMP,IN,5.0,1.0,FRA
4.0,2,12,FRA,USA,R6,FLOAT,IN,5.0,2.0,USA
4.0,2,13,USA,FRA,R4,JUMP,IN,1.0,0.0,FRA
4.0,2,14,FRA,USA,R1,FLOAT,IN,3.0,3.0,USA
4.0,2,15,USA,FRA,R5,JUMP,IN,5.0,3.0,FRA
4.0,2,16,FRA,USA,R2,FLOAT,IN,1.0,2.0,FRA
4.0,2,17,FRA,USA,R2,FLOAT,IN,1.0,3.0,FRA
4.0,2,18,FRA,USA,R2,FLOAT,IN,1.0,3.0,FRA
4.0,2,19,FRA,USA,R2,FLOAT,ERROR,,,USA
4.0,2,20,USA,FRA,R6,HYBRID,IN,1.0,3.0,FRA
4.0,2,21,FRA,USA,R3,FLOAT,ACE,,,FRA
4.0,2,22,FRA,USA,R3,FLOAT,IN,5.0,2.0,FRA
4.0,2,23,FRA,USA,R3,FLOAT,IN,6.0,3.0,USA
4.0,2,24,USA,FRA,R1,JUMP,IN,5.0,1.0,USA
4.0,2,25,USA,FRA,R1,JUMP,ACE,,,USA
4.0,2,26,USA,FRA,R1,FLOAT,IN,5.0,3.0,USA
4.0,2,27,USA,FRA,R1,JUMP,IN,6.0,2.0,USA
4.0,2,28,USA,FRA,R1,HYBRID,IN,5.0,2.0,USA
4.0,2,29,USA,FRA,R1,FLOAT,IN,6.0,3.0,USA
4.0,2,30,USA,FRA,R1,JUMP,IN,1.0,3.0,FRA
4.0,2,31,FRA,USA,R1,JUMP,ERROR,,,USA
4.0,2,32,USA,FRA,R2,JUMP,ERROR,,,FRA
4.0,2,33,FRA,USA,R2,JUMP,ERROR,,,USA
4.0,2,34,USA,FRA,R3,JUMP,ERROR,,,FRA
4.0,2,35,FRA,USA,R3,HYBRID,IN,6.0,2.0,USA
4.0,2,36,USA,FRA,R4,JUMP,IN,1.0,3.0,FRA
4.0,2,37,FRA,USA,R4,JUMP,ERROR,,,USA
4.0,2,38,USA,FRA,R5,JUMP,IN,6.0,2.0,FRA
4.0,2,39,FRA,USA,R5,FLOAT,IN,5.0,2.0,USA
4.0,2,40,USA,FRA,R6,JUMP,IN,1.0,2.0,FRA
4.0,2,41,FRA,USA,R6,FLOAT,IN,6.0,3.0,USA
4.0,2,42,USA,FRA,R1,FLOAT,IN,6.0,1.0,USA
4.0,2,43,USA,FRA,R1,FLOAT,IN,6.0,1.0,USA
4.0,3,1,USA,FRA,R5,JUMP,IN,5.0,2.0,FRA
4.0,3,2,FRA,USA,R1,JUMP,IN,1.0,2.0,FRA
4.0,3,3,FRA,USA,R1,JUMP,ERROR,,,USA
4.0,3,4,USA,FRA,R6,HYBRID,ERROR,,,FRA
4.0,3,5,FRA,USA,R2,FLOAT,IN,5.0,2.0,FRA
4.0,3,6,FRA,USA,R2,FLOAT,IN,1.0,1.0,FRA
4.0,3,7,FRA,USA,R2,FLOAT,IN,6.0,2.0,USA
4.0,3,8,USA,FRA,R1,JUMP,IN,6.0,3.0,FRA
4.0,3,9,FRA,USA,R3,HYBRID,IN,1.0,2.0,USA
4.0,3,10,USA,FRA,R2,JUMP,ERROR,,,FRA
4.0,3,11,FRA,USA,R4,JUMP,IN,6.0,0.0,FRA
4.0,3,12,FRA,USA,R4,JUMP,ERROR,,,USA
4.0,3,13,USA,FRA,R3,JUMP,IN,6.0,3.0,FRA
4.0,3,14,FRA,USA,R5,HYBRID,ERROR,,,USA
4.0,3,15,USA,FRA,R4,JUMP,IN,6.0,2.0,FRA
4.0,3,16,FRA,USA,R6,FLOAT,IN,6.0,3.0,USA
4.0,3,17,USA,FRA,R5,JUMP,IN,5.0,1.0,USA
4.0,3,18,USA,FRA,R5,JUMP,ERROR,,,FRA
4.0,3,19,FRA,USA,R1,JUMP,IN,5.0,1.0,FRA
4.0,3,20,FRA,USA,R1,JUMP,ERROR,,,USA
4.0,3,21,USA,FRA,R6,HYBRID,IN,1.0,3.0,FRA
4.0,3,22,FRA,USA,R2,FLOAT,IN,5.0,2.0,USA
4.0,3,23,USA,FRA,R1,JUMP,ERROR,,,FRA
4.0,3,24,FRA,USA,R3,FLOAT,IN,5.0,2.0,USA
4.0,3,25,USA,FRA,R2,JUMP,IN,6.0,3.0,FRA
4.0,3,26,FRA,USA,R4,JUMP,IN,6.0,1.0,USA
4.0,3,27,USA,FRA,R3,JUMP,ACE,,,USA
4.0,3,28,USA,FRA,R3,JUMP,ERROR,,,FRA
4.0,3,29,FRA,USA,R5,HYBRID,IN,6.0,3.0,USA
4.0,3,30,USA,FRA,R4,JUMP,IN,6.0,3.0,FRA
4.0,3,31,FRA,USA,R6,FLOAT,IN,5.0,1.0,USA
4.0,3,32,USA,FRA,R5,JUMP,IN,5.0,3.0,FRA
4.0,3,33,FRA,USA,R1,JUMP,IN,6.0,3.0,FRA
4.0,3,34,FRA,USA,R1,HYBRID,IN,1.0,2.0,FRA
4.0,3,35,FRA,USA,R1,FLOAT,IN,1.0,3.0,USA
4.0,3,36,USA,FRA,R6,JUMP,ERROR,,,FRA
4.0,3,37,FRA,USA,R2,FLOAT,IN,6.0,3.0,USA
4.0,3,38,USA,FRA,R1,JUMP,IN,1.0,3.0,FRA
4.0,3,39,FRA,USA,R3,JUMP,IN,6.0,1.0,FRA
4.0,3,40,FRA,USA,R3,JUMP,IN,5.0,1.0,FRA
4.0,3,41,FRA,USA,R3,JUMP,IN,1.0,0.0,USA
4.0,3,42,USA,FRA,R2,JUMP,IN,6.0,3.0,FRA
4.0,4,1,FRA,USA,R1,JUMP,IN,5.0,1.0,USA
4.0,4,2,USA,FRA,R6,JUMP,IN,6.0,2.0,USA
4.0,4,3,USA,FRA,R6,JUMP,ERROR,,,FRA
4.0,4,4,FRA,USA,R2,FLOAT,IN,6.0,2.0,FRA
4.0,4,5,FRA,USA,R2,FLOAT,IN,6.0,3.0,USA
4.0,4,6,USA,FRA,R1,JUMP,IN,5.0,1.0,FRA
4.0,4,7,FRA,USA,R3,JUMP,ERROR,,,USA
4.0,4,8,USA,FRA,R2,HYBRID,IN,6.0,3.0,FRA
4.0,4,9,FRA,USA,R4,JUMP,ACE,,,FRA
4.0,4,10,FRA,USA,R4,JUMP,IN,6.0,2.0,USA
4.0,4,11,USA,FRA,R3,JUMP,IN,6.0,3.0,FRA
4.0,4,12,FRA,USA,R5,JUMP,IN,5.0,1.0,USA
4.0,4,13,USA,FRA,R4,JUMP,IN,6.0,3.0,USA
4.0,4,14,USA,FRA,R4,JUMP,ERROR,,,FRA
4.0,4,15,FRA,USA,R6,FLOAT,ACE,,,FRA
4.0,4,16,FRA,USA,R6,FLOAT,IN,6.0,2.0,FRA
4.0,4,17,FRA,USA,R6,FLOAT,IN,6.0,1.0,USA
4.0,4,18,USA,FRA,R5,JUMP,IN,5.0,0.0,USA
4.0,4,19,USA,FRA,R5,JUMP,IN,1.0,3.0,USA
4.0,4,20,USA,FRA,R5,JUMP,ERROR,,,FRA
4.0,4,21,FRA,USA,R1,JUMP,IN,6.0,2.0,FRA
4.0,4,22,FRA,USA,R1,JUMP,ERROR,,,USA
4.0,4,23,USA,FRA,R6,JUMP,IN,1.0,2.0,FRA
4.0,4,24,FRA,USA,R2,FLOAT,IN,5.0,2.0,FRA
4.0,4,25,FRA,USA,R2,FLOAT,IN,6.0,3.0,FRA
4.0,4,26,FRA,USA,R2,FLOAT,IN,5.0,2.0,USA
4.0,4,27,USA,FRA,R1,FLOAT,IN,5.0,0.0,USA
4.0,4,28,USA,FRA,R1,FLOAT,IN,5.0,2.0,FRA
4.0,4,29,FRA,USA,R3,JUMP,IN,5.0,0.0,FRA
4.0,4,30,FRA,USA,R3,JUMP,IN,6.0,2.0,USA
4.0,4,31,USA,FRA,R2,HYBRID,IN,5.0,3.0,FRA
4.0,4,32,FRA,USA,R4,JUMP,ACE,,,FRA
4.0,4,33,FRA,USA,R4,JUMP,ERROR,,,USA
4.0,4,34,USA,FRA,R3,JUMP,IN,5.0,3.0,USA
4.0,4,35,USA,FRA,R3,JUMP,IN,5.0,1.0,USA
4.0,4,36,USA,FRA,R3,JUMP,IN,6.0,3.0,FRA
4.0,4,37,FRA,USA,R5,JUMP,ERROR,,,USA
4.0,4,38,USA,FRA,R4,JUMP,ERROR,,,FRA
4.0,4,39,FRA,USA,R6,JUMP,IN,5.0,1.0,FRA
4.0,4,40,FRA,USA,R6,JUMP,ERROR,,,USA
4.0,4,41,USA,FRA,R5,JUMP,IN,5.0,1.0,USA
4.0,4,42,USA,FRA,R5,JUMP,IN,5.0,3.0,FRA
4.0,4,43,FRA,USA,R1,JUMP,IN,1.0,0.0,USA
4.0,4,44,USA,FRA,R6,JUMP,IN,1.0,3.0,FRA
4.0,4,45,FRA,USA,R2,FLOAT,IN,5.0,3.0,USA
4.0,4,46,USA,FRA,R1,FLOAT,IN,6.0,3.0,FRA
4.0,4,47,FRA,USA,R3,JUMP,IN,6.0,2.0,USA
4.0,4,48,USA,FRA,R2,JUMP,IN,6.0,1.0,USA
4.0,4,49,USA,FRA,R2,JUMP,IN,6.0,2.0,FRA
4.0,4,50,FRA,USA,R4,JUMP,IN,6.0,2.0,FRA
4.0,5,1,FRA,USA,R6,JUMP,ERROR,,,USA
4.0,5,2,USA,FRA,R6,JUMP,ACE,,,USA
4.0,5,3,USA,FRA,R6,JUMP,IN,6.0,2.0,FRA
4.0,5,4,FRA,USA,R1,JUMP,IN,4.0,3.0,FRA
4.0,5,5,FRA,USA,R1,JUMP,ACE,,,FRA
4.0,5,6,FRA,USA,R1,JUMP,ACE,,,FRA
4.0,5,7,FRA,USA,R1,JUMP,IN,1.0,3.0,USA
4.0,5,8,USA,FRA,R1,JUMP,IN,5.0,1.0,USA
4.0,5,9,USA,FRA,R1,JUMP,IN,5.0,1.0,FRA
4.0,5,10,FRA,USA,R2,FLOAT,IN,1.0,2.0,USA
4.0,5,11,USA,FRA,R2,JUMP,IN,5.0,3.0,USA
4.0,5,12,USA,FRA,R2,JUMP,IN,1.0,2.0,USA
4.0,5,13,USA,FRA,R2,JUMP,IN,6.0,1.0,FRA
4.0,5,14,FRA,USA,R3,JUMP,IN,5.0,1.0,USA
4.0,5,15,USA,FRA,R3,JUMP,IN,5.0,2.0,USA
4.0,5,16,USA,FRA,R3,JUMP,IN,6.0,1.0,FRA
4.0,5,17,FRA,USA,R4,JUMP,ERROR,,,USA
4.0,5,18,USA,FRA,R4,JUMP,IN,6.0,2.0,USA
4.0,5,19,USA,FRA,R4,JUMP,ACE,,,USA
4.0,5,20,USA,FRA,R4,JUMP,IN,6.0,2.0,FRA
4.0,5,21,FRA,USA,R5,JUMP,IN,6.0,1.0,USA
4.0,5,22,USA,FRA,R5,JUMP,IN,1.0,2.0,USA
4.0,5,23,USA,FRA,R5,JUMP,IN,1.0,2.0,FRA
5.0,1,1,JPN,FRA,R1,FLOAT,IN,5.0,3.0,FRA
5.0,1,2,FRA,JPN,R3,JUMP,IN,6.0,3.0,JPN
5.0,1,3,JPN,FRA,R2,JUMP,IN,6.0,2.0,FRA
5.0,1,4,FRA,JPN,R4,JUMP,ERROR,,,JPN
5.0,1,5,JPN,FRA,R3,JUMP,ERROR,,,FRA
5.0,1,6,FRA,JPN,R5,JUMP,ERROR,,,JPN
5.0,1,7,JPN,FRA,R4,JUMP,IN,6.0,2.0,FRA
5.0,1,8,FRA,JPN,R6,FLOAT,ERROR,,,JPN
5.0,1,9,JPN,FRA,R5,JUMP,IN,6.0,0.0,JPN
5.0,1,10,JPN,FRA,R5,HYBRID,IN,6.0,3.0,FRA
5.0,1,11,FRA,JPN,R1,JUMP,IN,6.0,2.0,JPN
5.0,1,12,JPN,FRA,R6,FLOAT,IN,5.0,1.0,FRA
5.0,1,13,FRA,JPN,R2,JUMP,IN,5.0,1.0,JPN
5.0,1,14,JPN,FRA,R1,HYBRID,IN,2.0,3.0,FRA
5.0,1,15,FRA,JPN,R3,JUMP,IN,6.0,3.0,JPN
5.0,1,16,JPN,FRA,R2,JUMP,IN,5.0,1.0,FRA
5.0,1,17,FRA,JPN,R4,JUMP,IN,6.0,3.0,JPN
5.0,1,18,JPN,FRA,R3,FLOAT,IN,6.0,3.0,JPN
5.0,1,19,JPN,FRA,R3,FLOAT,ERROR,,,FRA
5.0,1,20,FRA,JPN,R5,HYBRID,IN,5.0,2.0,JPN
5.0,1,21,JPN,FRA,R4,JUMP,IN,5.0,2.0,JPN
5.0,1,22,JPN,FRA,R4,JUMP,ERROR,,,FRA
5.0,1,23,FRA,JPN,R6,FLOAT,IN,6.0,3.0,FRA
5.0,1,24,FRA,JPN,R6,FLOAT,IN,5.0,2.0,JPN
5.0,1,25,JPN,FRA,R5,JUMP,IN,6.0,2.0,FRA
5.0,1,26,FRA,JPN,R1,JUMP,ACE,,,FRA
5.0,1,27,FRA,JPN,R1,JUMP,ERROR,,,JPN
5.0,1,28,JPN,FRA,R6,JUMP,IN,5.0,2.0,FRA
5.0,1,29,FRA,JPN,R2,JUMP,IN,5.0,3.0,JPN
5.0,1,30,JPN,FRA,R1,FLOAT,IN,5.0,3.0,FRA
5.0,1,31,FRA,JPN,R3,JUMP,IN,6.0,2.0,FRA
5.0,1,32,FRA,JPN,R3,JUMP,IN,5.0,2.0,JPN
5.0,1,33,JPN,FRA,R2,JUMP,ERROR,,,FRA
5.0,1,34,FRA,JPN,R4,JUMP,IN,5.0,1.0,JPN
5.0,1,35,JPN,FRA,R3,FLOAT,IN,1.0,3.0,FRA
5.0,1,36,FRA,JPN,R5,HYBRID,ERROR,,,JPN
5.0,1,37,JPN,FRA,R4,JUMP,IN,6.0,2.0,FRA
5.0,1,38,FRA,JPN,R6,JUMP,IN,6.0,1.0,JPN
5.0,1,39,JPN,FRA,R5,JUMP,IN,5.0,0.0,JPN
5.0,1,40,JPN,FRA,R5,JUMP,IN,6.0,2.0,FRA
5.0,1,41,FRA,JPN,R1,JUMP,IN,1.0,3.0,JPN
5.0,1,42,JPN,FRA,R6,JUMP,IN,1.0,3.0,FRA
5.0,1,43,FRA,JPN,R2,JUMP,IN,6.0,1.0,FRA
5.0,1,44,FRA,JPN,R2,JUMP,IN,6.0,1.0,FRA
5.0,1,45,FRA,JPN,R2,JUMP,ERROR,,,JPN
5.0,1,46,JPN,FRA,R1,JUMP,IN,1.0,1.0,FRA
5.0,1,47,FRA,JPN,R3,JUMP,IN,6.0,3.0,JPN
5.0,1,48,JPN,FRA,R2,JUMP,IN,6.0,2.0,FRA
5.0,2,1,FRA,JPN,R2,HYBRID,IN,1.0,3.0,JPN
5.0,2,2,JPN,FRA,R1,FLOAT,IN,5.0,3.0,FRA
5.0,2,3,FRA,JPN,R3,HYBRID,ERROR,,,JPN
5.0,2,4,JPN,FRA,R2,JUMP,IN,6.0,1.0,JPN
5.0,2,5,JPN,FRA,R2,JUMP,IN,5.0,1.0,FRA
5.0,2,6,FRA,JPN,R4,JUMP,ERROR,,,JPN
5.0,2,7,JPN,FRA,R3,FLOAT,IN,6.0,3.0,JPN
5.0,2,8,JPN,FRA,R3,FLOAT,ERROR,,,FRA
5.0,2,9,FRA,JPN,R5,FLOAT,IN,5.0,3.0,JPN
5.0,2,10,JPN,FRA,R4,JUMP,IN,1.0,1.0,JPN
5.0,2,11,JPN,FRA,R4,JUMP,IN,6.0,2.0,JPN
5.0,2,12,JPN,FRA,R4,JUMP,IN,5.0,1.0,FRA
5.0,2,13,FRA,JPN,R6,FLOAT,IN,6.0,3.0,JPN
5.0,2,14,JPN,FRA,R5,JUMP,IN,6.0,2.0,FRA
5.0,2,15,FRA,JPN,R1,JUMP,IN,1.0,1.0,FRA
5.0,2,16,FRA,JPN,R1,JUMP,ERROR,,,JPN
5.0,2,17,JPN,FRA,R6,FLOAT,ERROR,,,FRA
5.0,2,18,FRA,JPN,R2,JUMP,IN,6.0,2.0,JPN
5.0,2,19,JPN,FRA,R1,FLOAT,IN,5.0,1.0,JPN
5.0,2,20,JPN,FRA,R1,FLOAT,IN,1.0,3.0,FRA
5.0,2,21,FRA,JPN,R3,JUMP,ERROR,,,JPN
5.0,2,22,JPN,FRA,R2,JUMP,ERROR,,,FRA
5.0,2,23,FRA,JPN,R4,JUMP,IN,6.0,1.0,JPN
5.0,2,24,JPN,FRA,R3,FLOAT,IN,6.0,3.0,FRA
5.0,2,25,FRA,JPN,R5,JUMP,ERROR,,,JPN
5.0,2,26,JPN,FRA,R4,JUMP,IN,1.0,2.0,FRA
5.0,2,27,FRA,JPN,R6,FLOAT,ERROR,,,JPN
5.0,2,28,JPN,FRA,R5,JUMP,IN,6.0,2.0,FRA
5.0,2,29,FRA,JPN,R1,JUMP,IN,1.0,1.0,JPN
5.0,2,30,JPN,FRA,R6,JUMP,IN,5.0,0.0,JPN
5.0,2,31,JPN,FRA,R6,JUMP,IN,6.0,2.0,FRA
5.0,2,32,FRA,JPN,R2,JUMP,IN,6.0,2.0,JPN
5.0,2,33,JPN,FRA,R1,JUMP,IN,1.0,2.0,FRA
5.0,2,34,FRA,JPN,R3,JUMP,IN,5.0,2.0,FRA
5.0,2,35,FRA,JPN,R3,JUMP,IN,5.0,3.0,JPN
5.0,2,36,JPN,FRA,R2,JUMP,IN,5.0,2.0,JPN
5.0,2,37,JPN,FRA,R2,JUMP,IN,5.0,2.0,FRA
5.0,2,38,FRA,JPN,R4,JUMP,IN,1.0,0.0,FRA
5.0,2,39,FRA,JPN,R4,JUMP,IN,1.0,2.0,JPN
5.0,2,40,JPN,FRA,R3,JUMP,ERROR,,,FRA
5.0,2,41,FRA,JPN,R2,JUMP,ERROR,,,JPN
5.0,2,42,JPN,FRA,R4,JUMP,IN,1.0,1.0,JPN
5.0,2,43,JPN,FRA,R4,JUMP,IN,1.0,2.0,JPN
5.0,3,1,JPN,FRA,R1,FLOAT,IN,6.0,2.0,JPN
5.0,3,2,JPN,FRA,R1,FLOAT,IN,5.0,3.0,FRA
5.0,3,3,FRA,JPN,R4,JUMP,ERROR,,,JPN
5.0,3,4,JPN,FRA,R2,JUMP,IN,6.0,2.0,FRA
5.0,3,5,FRA,JPN,R5,FLOAT,IN,1.0,0.0,FRA
5.0,3,6,FRA,JPN,R5,FLOAT,IN,1.0,3.0,FRA
5.0,3,7,FRA,JPN,R5,FLOAT,IN,5.0,3.0,JPN
5.0,3,8,JPN,FRA,R3,FLOAT,IN,1.0,1.0,FRA
5.0,3,9,FRA,JPN,R6,FLOAT,IN,6.0,3.0,FRA
5.0,3,10,FRA,JPN,R6,FLOAT,IN,5.0,2.0,JPN
5.0,3,11,JPN,FRA,R4,JUMP,IN,5.0,3.0,FRA
5.0,3,12,FRA,JPN,R1,JUMP,ERROR,,,JPN
5.0,3,13,JPN,FRA,R5,JUMP,IN,1.0,2.0,FRA
5.0,3,14,FRA,JPN,R2,JUMP,ERROR,,,JPN
5.0,3,15,JPN,FRA,R6,JUMP,ERROR,,,FRA
5.0,3,16,FRA,JPN,R3,JUMP,ERROR,,,JPN
5.0,3,17,JPN,FRA,R1,FLOAT,IN,6.0,3.0,JPN
5.0,3,18,JPN,FRA,R1,FLOAT,IN,5.0,3.0,FRA
5.0,3,19,FRA,JPN,R4,JUMP,IN,6.0,3.0,JPN
5.0,3,20,JPN,FRA,R2,JUMP,IN,6.0,3.0,FRA
5.0,3,21,FRA,JPN,R5,FLOAT,IN,1.0,2.0,JPN
5.0,3,22,JPN,FRA,R3,FLOAT,IN,1.0,3.0,FRA
5.0,3,23,FRA,JPN,R6,FLOAT,IN,5.0,3.0,FRA
5.0,3,24,FRA,JPN,R6,FLOAT,IN,6.0,2.0,FRA
5.0,3,25,FRA,JPN,R6,FLOAT,IN,5.0,3.0,FRA
5.0,3,26,FRA,JPN,R6,FLOAT,IN,6.0,3.0,JPN
5.0,3,27,JPN,FRA,R4,JUMP,ERROR,,,FRA
5.0,3,28,FRA,JPN,R1,HYBRID,IN,6.0,3.0,JPN
5.0,3,29,JPN,FRA,R2,HYBRID,IN,1.0,3.0,FRA
5.0,3,30,FRA,JPN,R2,JUMP,IN,4.0,1.0,JPN
5.0,3,31,JPN,FRA,R3,FLOAT,ERROR,,,FRA
5.0,3,32,FRA,JPN,R3,JUMP,IN,6.0,2.0,FRA
5.0,3,33,FRA,JPN,R3,JUMP,IN,6.0,2.0,JPN
5.0,3,34,JPN,FRA,R4,JUMP,ACE,,,JPN
5.0,3,35,JPN,FRA,R4,JUMP,IN,5.0,0.0,JPN
5.0,3,36,JPN,FRA,R4,JUMP,ERROR,,,FRA
5.0,3,37,FRA,JPN,R4,JUMP,ACE,,,FRA
5.0,3,38,FRA,JPN,R4,JUMP,IN,6.0,2.0,JPN
5.0,3,39,JPN,FRA,R5,JUMP,IN,5.0,2.0,FRA
5.0,3,40,FRA,JPN,R5,FLOAT,IN,1.0,2.0,JPN
5.0,3,41,JPN,FRA,R6,FLOAT,IN,1.0,3.0,JPN
5.0,3,42,JPN,FRA,R6,FLOAT,IN,1.0,3.0,JPN
5.0,3,43,JPN,FRA,R6,FLOAT,IN,6.0,3.0,JPN
5.0,3,44,JPN,FRA,R6,FLOAT,IN,6.0,3.0,FRA
5.0,3,45,FRA,JPN,R6,JUMP,IN,6.0,1.0,JPN
5.0,3,46,JPN,FRA,R1,FLOAT,IN,5.0,0.0,JPN
5.0,3,47,JPN,FRA,R1,FLOAT,IN,5.0,3.0,FRA
5.0,3,48,FRA,JPN,R1,JUMP,IN,6.0,1.0,FRA
5.0,4,1,FRA,JPN,R3,JUMP,IN,6.0,2.0,JPN
5.0,4,2,JPN,FRA,R2,JUMP,IN,6.0,2.0,JPN
5.0,4,3,JPN,FRA,R2,JUMP,IN,6.0,1.0,FRA
5.0,4,4,FRA,JPN,R4,JUMP,IN,5.0,2.0,JPN
5.0,4,5,JPN,FRA,R3,FLOAT,IN,6.0,1.0,FRA
5.0,4,6,FRA,JPN,R5,FLOAT,IN,5.0,3.0,FRA
5.0,4,7,FRA,JPN,R5,FLOAT,IN,6.0,2.0,JPN
5.0,4,8,JPN,FRA,R4,JUMP,IN,1.0,2.0,FRA
5.0,4,9,FRA,JPN,R6,FLOAT,IN,5.0,1.0,JPN
5.0,4,10,JPN,FRA,R5,JUMP,IN,5.0,2.0,FRA
5.0,4,11,FRA,JPN,R1,JUMP,IN,1.0,2.0,FRA
5.0,4,12,FRA,JPN,R1,JUMP,ERROR,,,JPN
5.0,4,13,JPN,FRA,R6,JUMP,IN,5.0,2.0,FRA
5.0,4,14,FRA,JPN,R2,JUMP,IN,5.0,3.0,JPN
5.0,4,15,JPN,FRA,R1,FLOAT,IN,1.0,3.0,FRA
5.0,4,16,FRA,JPN,R3,JUMP,IN,5.0,3.0,JPN
5.0,4,17,JPN,FRA,R2,JUMP,IN,6.0,1.0,JPN
5.0,4,18,JPN,FRA,R2,JUMP,IN,5.0,2.0,FRA
5.0,4,19,FRA,JPN,R4,JUMP,IN,5.0,2.0,FRA
5.0,4,20,FRA,JPN,R4,JUMP,IN,5.0,2.0,JPN
5.0,4,21,JPN,FRA,R3,FLOAT,IN,6.0,2.0,FRA
5.0,4,22,FRA,JPN,R5,FLOAT,IN,5.0,3.0,JPN
5.0,4,23,JPN,FRA,R4,JUMP,IN,6.0,2.0,FRA
5.0,4,24,FRA,JPN,R6,FLOAT,IN,5.0,2.0,FRA
5.0,4,25,FRA,JPN,R6,FLOAT,ERROR,,,JPN
5.0,4,26,JPN,FRA,R5,JUMP,IN,6.0,3.0,FRA
5.0,4,27,FRA,JPN,R1,JUMP,IN,1.0,2.0,JPN
5.0,4,28,JPN,FRA,R6,JUMP,IN,5.0,3.0,FRA
5.0,4,29,FRA,JPN,R2,HYBRID,IN,1.0,2.0,JPN
5.0,4,30,JPN,FRA,R1,FLOAT,IN,6.0,3.0,JPN
5.0,4,31,JPN,FRA,R1,FLOAT,IN,1.0,3.0,FRA
5.0,4,32,FRA,JPN,R3,JUMP,IN,5.0,1.0,FRA
5.0,4,33,FRA,JPN,R3,JUMP,IN,1.0,2.0,JPN
5.0,4,34,JPN,FRA,R2,JUMP,IN,5.0,2.0,FRA
5.0,4,35,FRA,JPN,R4,JUMP,IN,6.0,1.0,JPN
5.0,4,36,JPN,FRA,R3,JUMP,IN,6.0,2.0,JPN
5.0,4,37,JPN,FRA,R3,JUMP,ERROR,,,FRA
5.0,4,38,FRA,JPN,R5,FLOAT,IN,5.0,1.0,JPN
5.0,4,39,JPN,FRA,R4,JUMP,ACE,,,JPN
5.0,4,40,JPN,FRA,R4,JUMP,ERROR,,,FRA
5.0,4,41,FRA,JPN,R6,HYBRID,IN,1.0,1.0,JPN
5.0,4,42,JPN,FRA,R5,JUMP,IN,5.0,2.0,FRA
5.0,4,43,FRA,JPN,R1,JUMP,IN,6.0,1.0,JPN
5.0,4,44,JPN,FRA,R6,JUMP,IN,6.0,1.0,FRA
5.0,4,45,FRA,JPN,R2,JUMP,ERROR,,,JPN
5.0,4,46,JPN,FRA,R1,FLOAT,IN,1.0,1.0,FRA
5.0,4,47,FRA,JPN,R3,JUMP,IN,6.0,2.0,FRA
5.0,4,48,FRA,JPN,R3,JUMP,IN,6.0,1.0,FRA
6.0,1,1,JPN,SLO,R5,JUMP,IN,5.0,1.0,SLO
6.0,1,2,SLO,JPN,R3,JUMP,IN,1.0,3.0,JPN
6.0,1,3,JPN,SLO,R6,FLOAT,ERROR,,,SLO
6.0,1,4,SLO,JPN,R4,JUMP,IN,5.0,1.0,SLO
6.0,1,5,SLO,JPN,R4,JUMP,IN,6.0,2.0,JPN
6.0,1,6,JPN,SLO,R1,FLOAT,IN,6.0,3.0,JPN
6.0,1,7,JPN,SLO,R1,HYBRID,IN,6.0,3.0,SLO
6.0,1,8,SLO,JPN,R5,JUMP,ERROR,,,JPN
6.0,1,9,JPN,SLO,R2,JUMP,IN,1.0,0.0,JPN
6.0,1,10,JPN,SLO,R2,JUMP,IN,6.0,2.0,SLO
6.0,1,11,SLO,JPN,R6,JUMP,IN,6.0,2.0,SLO
6.0,1,12,SLO,JPN,R6,JUMP,ERROR,,,JPN
6.0,1,13,JPN,SLO,R3,FLOAT,IN,6.0,2.0,JPN
6.0,1,14,JPN,SLO,R3,FLOAT,IN,6.0,2.0,SLO
6.0,1,15,SLO,JPN,R1,JUMP,IN,6.0,2.0,JPN
6.0,1,16,JPN,SLO,R4,JUMP,ACE,,,JPN
6.0,1,17,JPN,SLO,R4,JUMP,IN,6.0,2.0,SLO
6.0,1,18,SLO,JPN,R2,JUMP,IN,1.0,3.0,SLO
6.0,1,19,SLO,JPN,R2,JUMP,IN,5.0,3.0,JPN
6.0,1,20,JPN,SLO,R5,JUMP,IN,6.0,1.0,SLO
6.0,1,21,SLO,JPN,R3,FLOAT,ACE,,,SLO
6.0,1,22,SLO,JPN,R3,JUMP,ERROR,,,JPN
6.0,1,23,JPN,SLO,R6,FLOAT,IN,5.0,1.0,SLO
6.0,1,24,SLO,JPN,R4,JUMP,IN,1.0,1.0,SLO
6.0,1,25,SLO,JPN,R4,JUMP,IN,6.0,1.0,JPN
6.0,1,26,JPN,SLO,R1,FLOAT,IN,5.0,3.0,SLO
6.0,1,27,SLO,JPN,R5,JUMP,ERROR,,,JPN
6.0,1,28,JPN,SLO,R2,JUMP,IN,1.0,1.0,SLO
6.0,1,29,SLO,JPN,R6,JUMP,IN,1.0,3.0,JPN
6.0,1,30,JPN,SLO,R3,FLOAT,IN,6.0,2.0,SLO
6.0,1,31,SLO,JPN,R1,JUMP,IN,1.0,1.0,JPN
6.0,1,32,JPN,SLO,R4,JUMP,ACE,,,JPN
6.0,1,33,JPN,SLO,R4,JUMP,ERROR,,,SLO
6.0,1,34,SLO,JPN,R2,JUMP,IN,6.0,2.0,SLO
6.0,1,35,SLO,JPN,R2,JUMP,ACE,,,SLO
6.0,1,36,SLO,JPN,R2,JUMP,IN,1.0,3.0,JPN
6.0,1,37,JPN,SLO,R5,JUMP,IN,6.0,1.0,JPN
6.0,1,38,JPN,SLO,R5,JUMP,ACE,,,JPN
6.0,1,39,JPN,SLO,R5,HYBRID,IN,5.0,3.0,JPN
6.0,1,40,JPN,SLO,R5,JUMP,IN,6.0,2.0,SLO
6.0,1,41,SLO,JPN,R3,FLOAT,IN,1.0,2.0,JPN
6.0,1,42,JPN,SLO,R1,JUMP,IN,5.0,2.0,SLO
6.0,1,43,SLO,JPN,R4,JUMP,IN,6.0,3.0,JPN
6.0,1,44,JPN,SLO,R1,FLOAT,IN,6.0,3.0,SLO
6.0,1,45,SLO,JPN,R5,JUMP,IN,1.0,1.0,JPN
6.0,1,46,JPN,SLO,R2,JUMP,IN,6.0,3.0,SLO
6.0,1,47,SLO,JPN,R6,JUMP,ERROR,,,JPN
6.0,1,48,JPN,SLO,R3,FLOAT,IN,5.0,2.0,JPN
6.0,2,1,SLO,JPN,R2,JUMP,IN,1.0,3.0,SLO
6.0,2,2,SLO,JPN,R2,JUMP,ERROR,,,JPN
6.0,2,3,JPN,SLO,R5,JUMP,IN,5.0,2.0,SLO
6.0,2,4,SLO,JPN,R3,JUMP,IN,1.0,3.0,SLO
6.0,2,5,SLO,JPN,R3,FLOAT,IN,1.0,3.0,SLO
6.0,2,6,SLO,JPN,R3,HYBRID,IN,5.0,0.0,JPN
6.0,2,7,JPN,SLO,R6,FLOAT,IN,5.0,3.0,SLO
6.0,2,8,SLO,JPN,R4,JUMP,IN,6.0,2.0,SLO
6.0,2,9,SLO,JPN,R4,JUMP,ERROR,,,JPN
6.0,2,10,JPN,SLO,R1,HYBRID,IN,6.0,3.0,SLO
6.0,2,11,SLO,JPN,R5,JUMP,IN,6.0,2.0,JPN
6.0,2,12,JPN,SLO,R2,JUMP,ERROR,,,SLO
6.0,2,13,SLO,JPN,R6,JUMP,IN,6.0,2.0,JPN
6.0,2,14,JPN,SLO,R3,FLOAT,IN,6.0,3.0,JPN
6.0,2,15,JPN,SLO,R3,FLOAT,IN,6.0,2.0,JPN
6.0,2,16,JPN,SLO,R3,FLOAT,IN,6.0,3.0,SLO
6.0,2,17,SLO,JPN,R1,JUMP,IN,6.0,3.0,JPN
6.0,2,18,JPN,SLO,R4,JUMP,ACE,,,JPN
6.0,2,19,JPN,SLO,R4,JUMP,ERROR,,,SLO
6.0,2,20,SLO,JPN,R2,JUMP,IN,6.0,3.0,SLO
6.0,2,21,SLO,JPN,R2,JUMP,IN,6.0,3.0,JPN
6.0,2,22,JPN,SLO,R5,JUMP,IN,5.0,1.0,SLO
6.0,2,23,SLO,JPN,R3,FLOAT,IN,5.0,2.0,SLO
6.0,2,24,SLO,JPN,R3,HYBRID,IN,5.0,3.0,JPN
6.0,2,25,JPN,SLO,R6,FLOAT,ERROR,,,SLO
6.0,2,26,SLO,JPN,R4,JUMP,IN,5.0,0.0,SLO
6.0,2,27,SLO,JPN,R4,JUMP,IN,6.0,1.0,JPN
6.0,2,28,JPN,SLO,R1,FLOAT,IN,5.0,3.0,SLO
6.0,2,29,SLO,JPN,R5,JUMP,IN,6.0,2.0,JPN
6.0,2,30,JPN,SLO,R2,JUMP,ERROR,,,SLO
6.0,2,31,SLO,JPN,R6,JUMP,IN,6.0,3.0,JPN
6.0,2,32,JPN,SLO,R3,FLOAT,IN,5.0,1.0,SLO
6.0,2,33,SLO,JPN,R1,JUMP,IN,6.0,2.0,JPN
6.0,2,34,JPN,SLO,R4,JUMP,ERROR,,,SLO
6.0,2,35,SLO,JPN,R2,JUMP,ACE,,,SLO
6.0,2,36,SLO,JPN,R2,JUMP,ACE,,,SLO
6.0,2,37,SLO,JPN,R2,JUMP,IN,6.0,1.0,SLO
6.0,2,38,SLO,JPN,R2,JUMP,IN,5.0,2.0,JPN
6.0,2,39,JPN,SLO,R5,JUMP,ERROR,,,SLO
6.0,2,40,SLO,JPN,R3,FLOAT,IN,6.0,1.0,JPN
6.0,2,41,JPN,SLO,R6,JUMP,IN,5.0,1.0,SLO
6.0,2,42,SLO,JPN,R4,JUMP,IN,6.0,3.0,JPN
6.0,2,43,JPN,SLO,R1,JUMP,IN,6.0,3.0,JPN
6.0,2,44,JPN,SLO,R1,FLOAT,IN,4.0,1.0,SLO
6.0,3,1,JPN,SLO,R4,JUMP,IN,6.0,3.0,SLO
6.0,3,2,SLO,JPN,R4,JUMP,ERROR,,,JPN
6.0,3,3,JPN,SLO,R5,JUMP,IN,6.0,2.0,SLO
6.0,3,4,SLO,JPN,R5,JUMP,IN,6.0,3.0,JPN
6.0,3,5,JPN,SLO,R6,FLOAT,IN,1.0,2.0,SLO
6.0,3,6,SLO,JPN,R6,JUMP,ERROR,,,JPN
6.0,3,7,JPN,SLO,R1,FLOAT,IN,6.0,3.0,JPN
6.0,3,8,JPN,SLO,R1,HYBRID,IN,6.0,3.0,JPN
6.0,3,9,JPN,SLO,R1,HYBRID,ACE,,,JPN
6.0,3,10,JPN,SLO,R1,FLOAT,IN,6.0,2.0,SLO
6.0,3,11,SLO,JPN,R1,FLOAT,IN,6.0,3.0,JPN
6.0,3,12,JPN,SLO,R2,JUMP,IN,5.0,1.0,SLO
6.0,3,13,SLO,JPN,R2,JUMP,ERROR,,,JPN
6.0,3,14,JPN,SLO,R3,FLOAT,IN,1.0,3.0,JPN
6.0,3,15,JPN,SLO,R3,HYBRID,IN,5.0,2.0,SLO
6.0,3,16,SLO,JPN,R3,JUMP,IN,5.0,2.0,SLO
6.0,3,17,SLO,JPN,R3,FLOAT,IN,5.0,2.0,SLO
6.0,3,18,SLO,JPN,R3,FLOAT,IN,6.0,2.0,JPN
6.0,3,19,JPN,SLO,R4,JUMP,ACE,,,JPN
6.0,3,20,JPN,SLO,R4,JUMP,ERROR,,,SLO
6.0,3,21,SLO,JPN,R4,JUMP,IN,5.0,2.0,JPN
6.0,3,22,JPN,SLO,R5,HYBRID,IN,5.0,2.0,SLO
6.0,3,23,SLO,JPN,R5,JUMP,ERROR,,,JPN
6.0,3,24,JPN,SLO,R6,FLOAT,IN,1.0,3.0,JPN
6.0,3,25,JPN,SLO,R6,FLOAT,ERROR,,,SLO
6.0,3,26,SLO,JPN,R6,HYBRID,IN,5.0,3.0,SLO
6.0,3,27,SLO,JPN,R6,HYBRID,IN,5.0,3.0,SLO
6.0,3,28,SLO,JPN,R6,HYBRID,IN,6.0,3.0,SLO
6.0,3,29,SLO,JPN,R6,HYBRID,IN,6.0,3.0,JPN
6.0,3,30,JPN,SLO,R1,JUMP,IN,6.0,3.0,SLO
6.0,3,31,SLO,JPN,R1,FLOAT,IN,5.0,3.0,JPN
6.0,3,32,JPN,SLO,R2,JUMP,ERROR,,,SLO
6.0,3,33,SLO,JPN,R2,JUMP,IN,6.0,3.0,SLO
6.0,3,34,SLO,JPN,R2,JUMP,IN,6.0,2.0,JPN
6.0,3,35,JPN,SLO,R3,FLOAT,IN,1.0,2.0,SLO
6.0,3,36,SLO,JPN,R3,FLOAT,IN,6.0,1.0,JPN
6.0,3,37,JPN,SLO,R4,JUMP,ERROR,,,SLO
6.0,3,38,SLO,JPN,R4,JUMP,IN,6.0,1.0,JPN
6.0,3,39,JPN,SLO,R5,JUMP,IN,6.0,2.0,SLO
6.0,3,40,SLO,JPN,R5,JUMP,IN,6.0,1.0,JPN
6.0,3,41,JPN,SLO,R6,JUMP,ACE,,,JPN
6.0,3,42,JPN,SLO,R6,JUMP,IN,6.0,2.0,SLO
6.0,3,43,SLO,JPN,R6,JUMP,IN,6.0,3.0,JPN
6.0,3,44,JPN,SLO,R1,FLOAT,IN,5.0,2.0,JPN
6.0,3,45,JPN,SLO,R1,HYBRID,IN,6.0,3.0,SLO
6.0,3,46,SLO,JPN,R1,JUMP,IN,1.0,2.0,SLO
6.0,3,47,SLO,JPN,R1,HYBRID,IN,1.0,3.0,SLO
6.0,3,48,SLO,JPN,R1,JUMP,IN,1.0,2.0,JPN
6.0,3,49,JPN,SLO,R2,JUMP,IN,6.0,3.0,JPN
6.0,3,50,JPN,SLO,R2,JUMP,IN,6.0,2.0,JPN
6.0,4,1,SLO,JPN,R2,JUMP,IN,6.0,3.0,JPN
6.0,4,2,JPN,SLO,R5,JUMP,ERROR,,,SLO
6.0,4,3,SLO,JPN,R3,FLOAT,ERROR,,,JPN
6.0,4,4,JPN,SLO,R6,FLOAT,IN,6.0,2.0,JPN
6.0,4,5,JPN,SLO,R6,JUMP,IN,6.0,3.0,JPN
6.0,4,6,JPN,SLO,R6,JUMP,IN,5.0,2.0,SLO
6.0,4,7,SLO,JPN,R4,JUMP,IN,6.0,3.0,JPN
6.0,4,8,JPN,SLO,R1,FLOAT,IN,5.0,2.0,SLO
6.0,4,9,SLO,JPN,R5,JUMP,IN,6.0,2.0,JPN
6.0,4,10,JPN,SLO,R2,JUMP,IN,6.0,2.0,SLO
6.0,4,11,SLO,JPN,R6,HYBRID,IN,6.0,2.0,JPN
6.0,4,12,JPN,SLO,R3,FLOAT,IN,6.0,3.0,SLO
6.0,4,13,SLO,JPN,R1,JUMP,IN,6.0,3.0,JPN
6.0,4,14,JPN,SLO,R4,JUMP,IN,6.0,2.0,SLO
6.0,4,15,SLO,JPN,R2,JUMP,ERROR,,,JPN
6.0,4,16,JPN,SLO,R5,JUMP,IN,6.0,2.0,SLO
6.0,4,17,SLO,JPN,R3,FLOAT,IN,6.0,3.0,JPN
6.0,4,18,JPN,SLO,R6,JUMP,IN,6.0,3.0,SLO
6.0,4,19,SLO,JPN,R4,JUMP,ERROR,,,JPN
6.0,4,20,JPN,SLO,R1,JUMP,IN,5.0,2.0,SLO
6.0,4,21,SLO,JPN,R5,JUMP,ERROR,,,JPN
6.0,4,22,JPN,SLO,R2,JUMP,IN,5.0,2.0,SLO
6.0,4,23,SLO,JPN,R6,FLOAT,IN,1.0,2.0,JPN
6.0,4,24,JPN,SLO,R3,FLOAT,IN,6.0,3.0,SLO
6.0,4,25,SLO,JPN,R1,JUMP,ERROR,,,JPN
6.0,4,26,JPN,SLO,R4,JUMP,IN,6.0,1.0,JPN
6.0,4,27,JPN,SLO,R4,JUMP,IN,6.0,3.0,SLO
6.0,4,28,SLO,JPN,R2,JUMP,IN,1.0,1.0,JPN
6.0,4,29,JPN,SLO,R5,JUMP,ERROR,,,SLO
6.0,4,30,SLO,JPN,R3,FLOAT,IN,5.0,1.0,SLO
6.0,4,31,SLO,JPN,R3,FLOAT,IN,5.0,3.0,JPN
6.0,4,32,JPN,SLO,R6,FLOAT,IN,5.0,2.0,SLO
6.0,4,33,SLO,JPN,R4,JUMP,IN,6.0,2.0,SLO
6.0,4,34,SLO,JPN,R4,JUMP,IN,5.0,3.0,JPN
6.0,4,35,JPN,SLO,R1,HYBRID,IN,6.0,2.0,JPN
6.0,4,36,JPN,SLO,R1,FLOAT,IN,5.0,3.0,SLO
6.0,4,37,SLO,JPN,R5,JUMP,IN,1.0,0.0,JPN
6.0,4,38,JPN,SLO,R2,JUMP,IN,6.0,2.0,SLO
6.0,4,39,SLO,JPN,R6,JUMP,IN,6.0,2.0,JPN
6.0,4,40,JPN,SLO,R3,FLOAT,IN,5.0,1.0,JPN
6.0,4,41,JPN,SLO,R3,FLOAT,IN,6.0,3.0,SLO
6.0,4,42,SLO,JPN,R1,JUMP,IN,6.0,3.0,JPN
6.0,4,43,JPN,SLO,R4,JUMP,IN,6.0,2.0,JPN
6.0,4,44,JPN,SLO,R4,JUMP,ERROR,,,SLO
6.0,4,45,SLO,JPN,R2,JUMP,IN,5.0,3.0,SLO
6.0,4,46,SLO,JPN,R2,JUMP,IN,1.0,3.0,JPN
7.0,1,1,SLO,BRA,R4,JUMP,IN,6.0,2.0,BRA
7.0,1,2,BRA,SLO,R3,FLOAT,IN,1.0,1.0,SLO
7.0,1,3,SLO,BRA,R5,JUMP,ERROR,,,BRA
7.0,1,4,BRA,SLO,R4,JUMP,IN,1.0,2.0,SLO
7.0,1,5,SLO,BRA,R6,JUMP,IN,6.0,2.0,BRA
7.0,1,6,BRA,SLO,R5,JUMP,IN,1.0,0.0,BRA
7.0,1,7,BRA,SLO,R5,JUMP,IN,6.0,0.0,SLO
7.0,1,8,SLO,BRA,R1,FLOAT,IN,5.0,3.0,SLO
7.0,1,9,SLO,BRA,R1,FLOAT,ERROR,,,BRA
7.0,1,10,BRA,SLO,R6,JUMP,IN,6.0,3.0,SLO
7.0,1,11,SLO,BRA,R2,JUMP,IN,6.0,2.0,BRA
7.0,1,12,BRA,SLO,R1,JUMP,IN,1.0,2.0,BRA
7.0,1,13,BRA,SLO,R1,FLOAT,IN,1.0,3.0,SLO
7.0,1,14,SLO,BRA,R3,FLOAT,IN,1.0,1.0,SLO
7.0,1,15,SLO,BRA,R3,FLOAT,IN,1.0,3.0,BRA
7.0,1,16,BRA,SLO,R2,JUMP,IN,1.0,2.0,SLO
7.0,1,17,SLO,BRA,R4,JUMP,ACE,,,SLO
7.0,1,18,SLO,BRA,R4,JUMP,IN,1.0,2.0,SLO
7.0,1,19,SLO,BRA,R4,JUMP,IN,6.0,2.0,SLO
7.0,1,20,SLO,BRA,R4,JUMP,IN,1.0,1.0,SLO
7.0,1,21,SLO,BRA,R4,JUMP,IN,5.0,2.0,BRA
7.0,1,22,BRA,SLO,R3,FLOAT,IN,5.0,3.0,SLO
7.0,1,23,SLO,BRA,R5,JUMP,ERROR,,,BRA
7.0,1,24,BRA,SLO,R4,JUMP,IN,1.0,1.0,SLO
7.0,1,25,SLO,BRA,R6,JUMP,IN,1.0,2.0,BRA
7.0,1,26,BRA,SLO,R5,JUMP,IN,6.0,3.0,SLO
7.0,1,27,SLO,BRA,R1,FLOAT,IN,4.0,2.0,BRA
7.0,1,28,BRA,SLO,R6,JUMP,IN,6.0,3.0,BRA
7.0,1,29,BRA,SLO,R6,JUMP,IN,6.0,1.0,BRA
7.0,1,30,BRA,SLO,R6,JUMP,ACE,,,BRA
7.0,1,31,BRA,SLO,R6,JUMP,IN,6.0,2.0,BRA
7.0,1,32,BRA,SLO,R6,JUMP,ACE,,,BRA
7.0,1,33,BRA,SLO,R6,JUMP,IN,1.0,1.0,BRA
7.0,1,34,BRA,SLO,R6,JUMP,ERROR,,,SLO
7.0,1,35,SLO,BRA,R2,JUMP,IN,1.0,1.0,SLO
7.0,1,36,SLO,BRA,R2,JUMP,IN,6.0,3.0,BRA
7.0,1,37,BRA,SLO,R1,JUMP,IN,6.0,1.0,BRA
7.0,1,38,BRA,SLO,R1,JUMP,ACE,,,BRA
7.0,1,39,BRA,SLO,R1,JUMP,IN,5.0,1.0,SLO
7.0,1,40,SLO,BRA,R3,FLOAT,IN,1.0,3.0,BRA
7.0,1,41,BRA,SLO,R2,JUMP,IN,6.0,0.0,BRA
7.0,1,42,BRA,SLO,R2,JUMP,ACE,,,BRA
7.0,1,43,BRA,SLO,R2,JUMP,IN,5.0,1.0,BRA
7.0,2,1,BRA,SLO,R3,FLOAT,IN,1.0,2.0,SLO
7.0,2,2,SLO,BRA,R5,JUMP,IN,5.0,3.0,BRA
7.0,2,3,BRA,SLO,R4,JUMP,IN,1.0,1.0,BRA
7.0,2,4,BRA,SLO,R4,JUMP,IN,1.0,1.0,BRA
7.0,2,5,BRA,SLO,R4,JUMP,IN,1.0,1.0,SLO
7.0,2,6,SLO,BRA,R6,JUMP,IN,6.0,3.0,SLO
7.0,2,7,SLO,BRA,R6,JUMP,ERROR,,,BRA
7.0,2,8,BRA,SLO,R5,JUMP,IN,5.0,2.0,BRA
7.0,2,9,BRA,SLO,R5,JUMP,ERROR,,,SLO
7.0,2,10,SLO,BRA,R1,FLOAT,ACE,,,SLO
7.0,2,11,SLO,BRA,R1,FLOAT,IN,5.0,2.0,BRA
7.0,2,12,BRA,SLO,R6,JUMP,ERROR,,,SLO
7.0,2,13,SLO,BRA,R2,JUMP,IN,6.0,3.0,BRA
7.0,2,14,BRA,SLO,R1,JUMP,ERROR,,,SLO
7.0,2,15,SLO,BRA,R3,FLOAT,ERROR,,,BRA
7.0,2,16,BRA,SLO,R2,JUMP,IN,5.0,3.0,SLO
7.0,2,17,SLO,BRA,R4,JUMP,IN,1.0,2.0,BRA
7.0,2,18,BRA,SLO,R3,FLOAT,IN,1.0,3.0,SLO
7.0,2,19,SLO,BRA,R5,JUMP,ERROR,,,BRA
7.0,2,20,BRA,SLO,R4,HYBRID,IN,6.0,3.0,SLO
7.0,2,21,SLO,BRA,R6,JUMP,ERROR,,,BRA
7.0,2,22,BRA,SLO,R5,JUMP,IN,1.0,3.0,BRA
7.0,2,23,BRA,SLO,R5,JUMP,IN,6.0,1.0,BRA
7.0,2,24,BRA,SLO,R5,JUMP,IN,6.0,0.0,SLO
7.0,2,25,SLO,BRA,R1,JUMP,ERROR,,,BRA
7.0,2,26,BRA,SLO,R6,HYBRID,IN,6.0,1.0,SLO
7.0,2,27,SLO,BRA,R2,JUMP,IN,1.0,2.0,BRA
7.0,2,28,BRA,SLO,R1,FLOAT,IN,5.0,3.0,BRA
7.0,2,29,BRA,SLO,R1,JUMP,IN,6.0,2.0,SLO
7.0,2,30,SLO,BRA,R3,FLOAT,IN,5.0,3.0,BRA
7.0,2,31,BRA,SLO,R2,JUMP,IN,1.0,1.0,SLO
7.0,2,32,SLO,BRA,R4,JUMP,IN,6.0,3.0,BRA
7.0,2,33,BRA,SLO,R3,FLOAT,IN,6.0,3.0,SLO
7.0,2,34,SLO,BRA,R5,JUMP,IN,1.0,3.0,BRA
7.0,2,35,BRA,SLO,R4,JUMP,IN,1.0,2.0,BRA
7.0,2,36,BRA,SLO,R4,JUMP,IN,5.0,2.0,SLO
7.0,2,37,SLO,BRA,R6,JUMP,IN,6.0,2.0,BRA
7.0,2,38,BRA,SLO,R5,JUMP,IN,6.0,2.0,BRA
7.0,2,39,BRA,SLO,R5,JUMP,IN,6.0,3.0,BRA
7.0,2,40,BRA,SLO,R5,JUMP,IN,6.0,2.0,SLO
7.0,2,41,SLO,BRA,R1,FLOAT,IN,1.0,2.0,BRA
7.0,2,42,BRA,SLO,R6,FLOAT,IN,5.0,2.0,SLO
7.0,2,43,SLO,BRA,R2,JUMP,ERROR,,,BRA
7.0,3,1,SLO,BRA,R4,JUMP,ERROR,,,BRA
7.0,3,2,BRA,SLO,R3,FLOAT,IN,6.0,2.0,BRA
7.0,3,3,BRA,SLO,R3,FLOAT,IN,6.0,3.0,SLO
7.0,3,4,SLO,BRA,R5,HYBRID,IN,6.0,2.0,BRA
7.0,3,5,BRA,SLO,R4,JUMP,IN,6.0,3.0,BRA
7.0,3,6,BRA,SLO,R4,JUMP,IN,1.0,1.0,SLO
7.0,3,7,SLO,BRA,R6,JUMP,ACE,,,SLO
7.0,3,8,SLO,BRA,R6,JUMP,ERROR,,,BRA
7.0,3,9,BRA,SLO,R5,JUMP,IN,6.0,3.0,BRA
7.0,3,10,BRA,SLO,R5,JUMP,IN,5.0,2.0,SLO
7.0,3,11,SLO,BRA,R1,JUMP,IN,5.0,3.0,BRA
7.0,3,12,BRA,SLO,R6,JUMP,IN,5.0,1.0,BRA
7.0,3,13,BRA,SLO,R6,JUMP,IN,6.0,3.0,SLO
7.0,3,14,SLO,BRA,R2,JUMP,IN,6.0,1.0,BRA
7.0,3,15,BRA,SLO,R1,JUMP,IN,6.0,3.0,BRA
7.0,3,16,BRA,SLO,R1,JUMP,ACE,,,BRA
7.0,3,17,BRA,SLO,R1,JUMP,IN,1.0,2.0,BRA
7.0,3,18,BRA,SLO,R1,HYBRID,IN,5.0,2.0,SLO
7.0,3,19,SLO,BRA,R3,JUMP,IN,5.0,2.0,BRA
7.0,3,20,BRA,SLO,R2,JUMP,ERROR,,,SLO
7.0,3,21,SLO,BRA,R4,JUMP,IN,1.0,1.0,BRA
7.0,3,22,BRA,SLO,R3,FLOAT,IN,1.0,3.0,SLO
7.0,3,23,SLO,BRA,R5,JUMP,IN,1.0,1.0,SLO
7.0,3,24,SLO,BRA,R5,JUMP,IN,1.0,1.0,BRA
7.0,3,25,BRA,SLO,R4,JUMP,IN,1.0,1.0,SLO
7.0,3,26,SLO,BRA,R6,JUMP,IN,5.0,3.0,SLO
7.0,3,27,SLO,BRA,R6,JUMP,IN,5.0,3.0,SLO
7.0,3,28,SLO,BRA,R6,JUMP,IN,5.0,3.0,SLO
7.0,3,29,SLO,BRA,R6,JUMP,ACE,,,SLO
7.0,3,30,SLO,BRA,R6,JUMP,IN,1.0,1.0,SLO
7.0,3,31,SLO,BRA,R6,JUMP,IN,1.0,2.0,BRA
7.0,3,32,BRA,SLO,R5,JUMP,IN,6.0,3.0,SLO
7.0,3,33,SLO,BRA,R1,JUMP,IN,1.0,1.0,SLO
7.0,3,34,SLO,BRA,R1,JUMP,IN,6.0,0.0,SLO
7.0,3,35,SLO,BRA,R1,JUMP,ERROR,,,BRA
7.0,3,36,BRA,SLO,R6,JUMP,ACE,,,BRA
7.0,3,37,BRA,SLO,R6,JUMP,IN,6.0,2.0,SLO
7.0,3,38,SLO,BRA,R2,JUMP,IN,6.0,3.0,BRA
7.0,3,39,BRA,SLO,R1,JUMP,IN,5.0,2.0,SLO
7.0,3,40,SLO,BRA,R3,FLOAT,IN,5.0,1.0,BRA
7.0,3,41,BRA,SLO,R2,JUMP,ERROR,,,SLO
7.0,3,42,SLO,BRA,R4,JUMP,ACE,,,SLO
7.0,3,43,SLO,BRA,R4,JUMP,IN,5.0,2.0,SLO
7.0,3,44,SLO,BRA,R4,JUMP,IN,6.0,2.0,BRA
7.0,3,45,BRA,SLO,R3,FLOAT,IN,6.0,1.0,SLO
7.0,3,46,SLO,BRA,R5,JUMP,IN,6.0,1.0,BRA
7.0,3,47,BRA,SLO,R4,JUMP,IN,1.0,2.0,SLO
7.0,4,1,BRA,SLO,R2,JUMP,IN,6.0,3.0,SLO
7.0,4,2,SLO,BRA,R5,JUMP,IN,6.0,2.0,SLO
7.0,4,3,SLO,BRA,R5,JUMP,IN,5.0,2.0,SLO
7.0,4,4,SLO,BRA,R5,JUMP,IN,5.0,1.0,SLO
7.0,4,5,SLO,BRA,R5,JUMP,IN,5.0,3.0,BRA
7.0,4,6,BRA,SLO,R3,FLOAT,IN,1.0,3.0,BRA
7.0,4,7,BRA,SLO,R3,FLOAT,IN,1.0,1.0,BRA
7.0,4,8,BRA,SLO,R3,FLOAT,IN,1.0,2.0,BRA
7.0,4,9,BRA,SLO,R3,FLOAT,IN,6.0,3.0,SLO
7.0,4,10,SLO,BRA,R6,JUMP,ERROR,,,BRA
7.0,4,11,BRA,SLO,R4,JUMP,ACE,,,BRA
7.0,4,12,BRA,SLO,R4,JUMP,IN,6.0,2.0,SLO
7.0,4,13,SLO,BRA,R1,JUMP,IN,6.0,1.0,BRA
7.0,4,14,BRA,SLO,R5,FLOAT,IN,6.0,3.0,BRA
7.0,4,15,BRA,SLO,R5,JUMP,IN,1.0,3.0,SLO
7.0,4,16,SLO,BRA,R2,JUMP,IN,1.0,2.0,BRA
7.0,4,17,BRA,SLO,R6,JUMP,IN,5.0,1.0,SLO
7.0,4,18,SLO,BRA,R3,FLOAT,IN,6.0,3.0,BRA
7.0,4,19,BRA,SLO,R1,JUMP,IN,5.0,1.0,SLO
7.0,4,20,SLO,BRA,R4,JUMP,ERROR,,,BRA
7.0,4,21,BRA,SLO,R2,JUMP,IN,6.0,2.0,SLO
7.0,4,22,SLO,BRA,R5,JUMP,IN,1.0,2.0,BRA
7.0,4,23,BRA,SLO,R3,FLOAT,IN,1.0,3.0,SLO
7.0,4,24,SLO,BRA,R6,JUMP,IN,1.0,3.0,BRA
7.0,4,25,BRA,SLO,R4,JUMP,IN,1.0,2.0,BRA
7.0,4,26,BRA,SLO,R4,JUMP,ACE,,,BRA
7.0,4,27,BRA,SLO,R4,JUMP,IN,6.0,0.0,BRA
7.0,4,28,BRA,SLO,R4,JUMP,IN,6.0,1.0,SLO
7.0,4,29,SLO,BRA,R1,JUMP,ERROR,,,BRA
7.0,4,30,BRA,SLO,R5,JUMP,ERROR,,,SLO
7.0,4,31,SLO,BRA,R2,JUMP,IN,1.0,2.0,BRA
7.0,4,32,BRA,SLO,R6,JUMP,IN,6.0,3.0,SLO
7.0,4,33,SLO,BRA,R3,FLOAT,IN,6.0,2.0,BRA
7.0,4,34,BRA,SLO,R1,JUMP,IN,6.0,2.0,BRA
7.0,4,35,BRA,SLO,R1,JUMP,IN,5.0,2.0,SLO
7.0,4,36,SLO,BRA,R4,JUMP,ERROR,,,BRA
7.0,4,37,BRA,SLO,R2,JUMP,IN,5.0,1.0,SLO
7.0,4,38,SLO,BRA,R5,JUMP,IN,6.0,2.0,SLO
7.0,4,39,SLO,BRA,R5,JUMP,IN,6.0,2.0,BRA
7.0,4,40,BRA,SLO,R3,FLOAT,IN,1.0,2.0,BRA
7.0,4,41,BRA,SLO,R3,FLOAT,ERROR,,,SLO
7.0,4,42,SLO,BRA,R6,JUMP,IN,6.0,2.0,BRA
7.0,4,43,BRA,SLO,R4,HYBRID,IN,5.0,2.0,BRA
,5,24,FRA,USA,R6,JUMP,ERROR,,,USA
